39144\tPI\tdraft\tEKP=PI\tsqueeze, press (with fingers), squeeze out (liquid)
39281\tUg w o\tdraft\tEKP=Ug w o\tsweat
38538\taaba\tdraft\tEKP=aaba\tfeather, wings
38539\taadi\tdraft\tEKP=aadi\tplace, one place
38540\taba\tdraft\tEKP=aba\tfeather / writing
38541\tabali\tdraft\tEKP=abali\tnight
38542\tabi\tdraft\tEKP=abi\tbody marks
38543\tabidi\tdraft\tEKP=abidi\tfish trap / greeting
38544\tabii\tdraft\tEKP=abii\tindigo dye
38545\tabuba\tdraft\tEKP=abuba\tsandfly
38548\tabubolo\tdraft\tEKP=abubolo\tcalabash for storing water
38546\tabuukpo\tdraft\tEKP=abuukpo\tbeard
38547\tabyada\tdraft\tEKP=abyada\trope, weak
38550\tachi-uya\tdraft\tEKP=achi-uya\tplant sp. with medicinal properties when Combretum racemosum (P.
38549\tacj\tdraft\tEKP=acj\tarrow
38551\tad a\tdraft\tEKP=ad a\tfirst daughter
38552\tada-komekpo\tdraft\tEKP=ada-komekpo\tWild Cape gooseberry, the seed of which is Physali angulata (Linn).
38554\tadi\tdraft\tEKP=adi\tplace
38553\tadigwe\tdraft\tEKP=adigwe\tmoon
38555\tadugo\tdraft\tEKP=adugo\tplant sp. used for firewood and to fence Porturandia sp. Family
38557\tagala\tdraft\tEKP=agala\tmangrove
38558\tagba ewa\tdraft\tEKP=agba ewa\tsoothsayer
38559\tagbadili\tdraft\tEKP=agbadili\tdisinfectant
38560\tagbala\tdraft\tEKP=agbala\tfairy, spirit
38561\tagbalasobi\tdraft\tEKP=agbalasobi\told people
38562\tagbo\tdraft\tEKP=agbo\tsnail
38563\tagbolo\tdraft\tEKP=agbolo NKA=mkpọtụ ONI=ùzù OWE=agbolo\techo / plant sp. the fruit of which is used to bail out Crescentia cujete (Linn).
38564\tagbugbedi\tdraft\tEKP=agbugbedi\thistory
38565\tagelezi\tdraft\tEKP=agelezi\tgoat
38566\tagida\tdraft\tEKP=agida\tchair
38556\tagj\tdraft\tEKP=agj\tleopard mask (one of own group)
38570\tah w u egu\tdraft\tEKP=ah w u egu\ttermite, cloth-eating
38573\tah w ulu ebe\tdraft\tEKP=ah w ulu ebe\tbullet
38567\tahakele\tdraft\tEKP=ahakele\tpeanuts
38568\tahubele\tdraft\tEKP=ahubele\tegusi, local; seeds are fried and eaten with salt
38569\tahubele ibeke\tdraft\tEKP=ahubele ibeke\tnormal (‘European’) egusi, used for soup
38572\tahulu\tdraft\tEKP=ahulu\tgoods, possessions
38571\tahuno\tdraft\tEKP=ahuno\tinsect
38605\taijolu\tdraft\tEKP=aijolu\taerial yam
38601\taimisii\tdraft\tEKP=aimisii\tvampire, witch
38574\tajali\tdraft\tEKP=ajali\tsnake sp.
38575\tajata\tdraft\tEKP=ajata\tleg chain
38590\tak w a\tdraft\tEKP=ak w a\tbridge
38593\takalea\tdraft\tEKP=akalea\trat sp. akele
38576\takama\tdraft\tEKP=akama\tbitter kola
38577\takani\tdraft\tEKP=akani\tblood-vessel, vein / root
38578\takeci\tdraft\tEKP=akeci\tmusk-shrew
38579\takita\tdraft\tEKP=akita\tdog
38580\tako\tdraft\tEKP=ako\tbush animal / sense, technique / whiskers
38582\takom\tdraft\tEKP=akom\tfever
38581\takoto\tdraft\tEKP=akoto\tbig bell / snuffbox
38583\takpalele\tdraft\tEKP=akpalele\tcripple, lame person
38584\takpana\tdraft\tEKP=akpana\teldest son [Second form likely to be a loan /okpola
38585\takpe\tdraft\tEKP=akpe\tforehead
38586\takpi\tdraft\tEKP=akpi\tbitterness
38587\takpiligwe\tdraft\tEKP=akpiligwe\twalking-stick for nobles
38588\takpoji\tdraft\tEKP=akpoji\tsnail, small
38589\takpuk'o\tdraft\tEKP=akpuk'o\tshoe
38591\takwana\tdraft\tEKP=akwana\trope (strong)
38592\takwu\tdraft\tEKP=akwu\tdoor
38594\takwukpo\tdraft\tEKP=akwukpo\tbig lump of cassava
38595\taledu\tdraft\tEKP=aledu\torange
38596\taligbo\tdraft\tEKP=aligbo\ttree sp. Marks sacrificial positions in the Markhamia tormentosa
38597\talilo\tdraft\tEKP=alilo\tbottle
38598\talu\tdraft\tEKP=alu\tcloth
38599\tamana\tdraft\tEKP=amana\thammer / paddle
38600\taminima\tdraft\tEKP=aminima\tmat
38602\tanyana\tdraft\tEKP=anyana\tlarge garden egg (like a tomato) anyibo or
38603\tanyibo\tdraft\tEKP=anyibo\tbanana
38604\tanyike\tdraft\tEKP=anyike\taxe
38607\tapa\tdraft\tEKP=apa\tfish sp.
38608\tapapa\tdraft\tEKP=apapa\tgroundnut
38609\tapya\tdraft\tEKP=apya\thornbill
38606\taqa\tdraft\tEKP=aqa\tmemory
38610\tasaga\tdraft\tEKP=asaga\toutside
38611\taso\tdraft\tEKP=aso\tpimple
38612\tata\tdraft\tEKP=ata\tplant sp. used as domestic animal food and to control erosion
38613\tatamuno\tdraft\tEKP=atamuno\tplant sp. with medicinal properties: leafs latex clears stains from eyes in measles or
38614\tatapya\tdraft\tEKP=atapya\tswallow
38615\tatu-uche\tdraft\tEKP=atu-uche\tnode weed, starwart, synedrelta. Used as vegetable in soup, as animal feed and has
38616\tawasi\tdraft\tEKP=awasi\tcatfish
38617\tawhakele\tdraft\tEKP=awhakele\tgroundnut
38618\tawjlija\tdraft\tEKP=awjlija\txylophone dance
38619\tawuwo\tdraft\tEKP=awuwo\tcraftiness
38621\taya\tdraft\tEKP=aya\tmarket
38620\tayo\tdraft\tEKP=ayo\tonion
38622\taza\tdraft\tEKP=aza\tbeard / infection / speed
38623\tazama\tdraft\tEKP=azama\tbeans
38624\tazi\tdraft\tEKP=azi\tsnake sp.
38873\tbala\tdraft\tEKP=bala\tprofit, benefit
38625\tbama\tdraft\tEKP=bama\tpeel (e.g. yam)
38626\tbugo\tdraft\tEKP=bugo\tpalm-wine tree
38627\tbuko\tdraft\tEKP=buko\tsharpness
38628\tbuta\tdraft\tEKP=buta\tfence
38875\tca\tdraft\tEKP=ca\tsoap
38629\tcaca\tdraft\tEKP=caca\ttrim (with knife/scissors)
38874\tcakpa\tdraft\tEKP=cakpa\tpath, road
38630\tce\tdraft\tEKP=ce\tthink
38879\tcfa\tdraft\tEKP=cfa\tmadness
38631\tci\tdraft\tEKP=ci\tcarve, hollow out / chase, pursue, drive away PI / clear (bush) / crack (nuts, kernel) / lead, rule / shine (of sun, moon) / shine (of sun, moon) PI / shout PI / tap, draw PI
38632\tcineke\tdraft\tEKP=cineke\tGod (Christian term)
38633\tcu\tdraft\tEKP=cu\tturn s.t.
38634\tcukwu\tdraft\tEKP=cukwu\tGod
38635\tcuwo\tdraft\tEKP=cuwo\tthrow
38636\tcuza\tdraft\tEKP=cuza\tbuild (with mud) D.
38638\tda\tdraft\tEKP=da\tfall / father
38637\tda eli\tdraft\tEKP=da eli\tbe sick
38639\tda ishi\tdraft\tEKP=da ishi\tfoolish (be)
38640\tdabeni\tdraft\tEKP=dabeni\tlean against PI
38876\tdakani\tdraft\tEKP=dakani\tgrandfather
38641\tdakpeli\tdraft\tEKP=dakpeli\trecover (from ill-health)
38642\tdapi\tdraft\tEKP=dapi\tlimp
38643\tdedie ide\tdraft\tEKP=dedie ide\tmention someone (absent)
38644\tdekedeke\tdraft\tEKP=dekedeke\tboil, simmer
38877\tdeni\tdraft\tEKP=deni\tplantain
38645\tdibyo\tdraft\tEKP=dibyo\tdoctor, local
38646\tdo\tdraft\tEKP=do\tcause (trouble) PI / draw (picture) *PI / pull, drag
38647\tdodi\tdraft\tEKP=dodi\tscramble for, dispute, struggle for
38648\tdogboo\tdraft\tEKP=dogboo\tto wipe
38649\tdoka\tdraft\tEKP=doka\ttear, dismantle, remove
38650\tdokps\tdraft\tEKP=dokps\tsave, rescue, defend
38651\tdokpu\tdraft\tEKP=dokpu\tdrag, pull
38878\tdoli\tdraft\tEKP=doli\tfish trap / hook
38652\tdotu\tdraft\tEKP=dotu\tpluck, extract forcibly
38654\tdu\tdraft\tEKP=du\tadvise / sew, prick, pierce PI
38653\tduzee\tdraft\tEKP=duzee\tlead, escort PI
38703\teba\tdraft\tEKP=eba\tcalabash (hemispherical, used for bailing) PI / crocodile, ‘alligator’
38704\tebede\tdraft\tEKP=ebede\tgiant rat
38705\tebena\tdraft\tEKP=ebena\tplantain-stem xylophone
38706\tebilika\tdraft\tEKP=ebilika\tplace for storing cocoyams
38707\tebuda\tdraft\tEKP=ebuda\tarmpit
38708\teci\tdraft\tEKP=eci\tfire / pebble, small stone
38709\teda\tdraft\tEKP=eda\tAfrican Star apple tree. Building: planks for houses and furniture. Medicinal: bark and / beetle
38659\tede\tdraft\tEKP=ede\tlake / something forgotten
38656\tede buji\tdraft\tEKP=ede buji\tcocoyam, new (can be roasted) Xanthosoma mafaffa
38658\tede guji\tdraft\tEKP=ede guji\tcocoyam cv.
38657\tede nidiya\tdraft\tEKP=ede nidiya\tcocoyam cv.
38655\tede-akita\tdraft\tEKP=ede-akita\ttropical stinging nettle (used to flog naked criminals)
38711\tedeneka\tdraft\tEKP=edeneka\tpalm (of hand)
38662\tedu\tdraft\tEKP=edu\tmaggot
38661\teekpele\tdraft\tEKP=eekpele\tonly child
38668\teg u\tdraft\tEKP=eg u\trainbow
38715\tegb om\tdraft\tEKP=egb om\tthis bunch
38712\tegba\tdraft\tEKP=egba\tenemy / promise, arrangement, covenant, appointment / summons
38713\tegbeleji\tdraft\tEKP=egbeleji\troot (underground part of the plant)
38663\tegbigbi\tdraft\tEKP=egbigbi\telectric fish
38664\tegbo\tdraft\tEKP=egbo\tbunch (of plantain or palmfruit, etc.) / medicine, local
38714\tegbo owhu\tdraft\tEKP=egbo owhu\tpalm bunch
38665\tegbu\tdraft\tEKP=egbu\tbody marks / smell, stink / vaccination
38689\tege\tdraft\tEKP=ege\tleech / monkey / shadow / yam
38666\tegege\tdraft\tEKP=egege\tdrinking cup
38716\tegenege\tdraft\tEKP=egenege\ttrick
38717\tegw e\tdraft\tEKP=egw e\tkola nut
38718\tegwe\tdraft\tEKP=egwe\tkola. Edible fruit. Medicinal: bark combined with other herbs. Used symbolically during
38667\tegwele\tdraft\tEKP=egwele\trule w >
38669\tehe\tdraft\tEKP=ehe\tape
38719\tehu\tdraft\tEKP=ehu\twhite ant
38721\tej\tdraft\tEKP=ej\tmedicine
38720\teja\tdraft\tEKP=eja\tsacrifice
38722\teka\tdraft\tEKP=eka\tarm, hand, handle (of bucket, ladle, hoe, box, cup) / ring
38670\tekake\tdraft\tEKP=ekake\tdenial
38671\teke-obubu\tdraft\tEKP=eke-obubu\therb used for curing dizziness Solenostemon
38733\tekeda\tdraft\tEKP=ekeda\tsnail, small
38672\tekeke\tdraft\tEKP=ekeke\tvery small (new bom)
38673\tekekpite\tdraft\tEKP=ekekpite\tpot, small
38674\tekelagbala\tdraft\tEKP=ekelagbala\tbig fairy
38675\tekele\tdraft\tEKP=ekele\ttime
38723\tekidi\tdraft\tEKP=ekidi\tthroat
38724\teko\tdraft\tEKP=eko\tscratch
38725\tekolele\tdraft\tEKP=ekolele\tsewing-machine
38726\tekolo\tdraft\tEKP=ekolo\tcrab
38727\tekpa\tdraft\tEKP=ekpa\tbag
38728\tekpali\tdraft\tEKP=ekpali\tmat
38734\tekpeleni\tdraft\tEKP=ekpeleni\teye
38676\tekpema\tdraft\tEKP=ekpema\theart
38677\tekpete\tdraft\tEKP=ekpete\tgame
38736\tekpidikpo\tdraft\tEKP=ekpidikpo\twater snail
38729\tekpo\tdraft\tEKP=ekpo\tspeech
38730\tekpodi\tdraft\tEKP=ekpodi\tpenis
38731\tekpu\tdraft\tEKP=ekpu\tknot (in wood), lump, hump
38732\tekpucfo\tdraft\tEKP=ekpucfo\ttoad, frog
38735\tekpulukpu\tdraft\tEKP=ekpulukpu\tbroken pieces (of brick)
38678\tekwu\tdraft\tAFI=ekwu AJA=akwụ̀kwa EKP=ekwu EZA=efu ISU=ekiigwẹ ISU=ekwu IZZ=efu NKP=òsiìtè OWE=ekiigwe OWE=ekwu\ta steel tripod for cooking with firewood / ladle
38737\tekwudo\tdraft\tEKP=ekwudo\twall of house
38738\telaq'u\tdraft\tEKP=elaq'u\tsun
38739\teleka\tdraft\tEKP=eleka\tbranch / branch (a limb extending from a tree)
38679\teleshi\tdraft\tEKP=eleshi\tpigeon
38680\telezh i\tdraft\tEKP=elezh i\tcompound
38681\teli\tdraft\tEKP=eli\tdance
38740\teli T\tdraft\tEKP=eli T\tbody,skin
38682\telulu\tdraft\tEKP=elulu\tproverb, riddle, puzzle
38741\tema\tdraft\tEKP=ema\tbreast
38683\temene\tdraft\tEKP=emene\tpeople
38684\temi\tdraft\tEKP=emi\tnose
38685\teminizo\tdraft\tEKP=eminizo\tcricket
38742\tena\tdraft\tEKP=ena\tfruit sp.
38743\tenu\tdraft\tEKP=enu\tbite / clearing / scar
38686\tenwe\tdraft\tEKP=enwe\tmonkey
38687\tenwu-jisos\tdraft\tEKP=enwu-jisos\tsensitive grass (used by children for play) Mimosapudica (Linn).
38744\tenya mpi\tdraft\tEKP=enya mpi\tblindness
38688\tenyicele\tdraft\tEKP=enyicele\tcharcoal
38745\tenyu agbo\tdraft\tEKP=enyu agbo\tboy with yaws
38747\tep'e\tdraft\tEKP=ep'e\tulcer
38690\tepele\tdraft\tEKP=epele\tplate (sometimes efele < Igbo)
38748\tepidipi\tdraft\tEKP=epidipi\tdarkness
38749\tepulu\tdraft\tEKP=epulu\tviper
38746\tequ\tdraft\tEKP=equ\tdeath
38751\tesa\tdraft\tEKP=esa\tcockroach
38750\tese\tdraft\tEKP=ese\tAlligator pepper plant with edible fruit believed to cure asthma, high breathing and / pepper / squirrel
38752\teshidi\tdraft\tEKP=eshidi\tslipperiness
38691\teshini\tdraft\tEKP=eshini\tgarden-egg that can be eaten raw, small
38753\teshini-agbala\tdraft\tEKP=eshini-agbala\tBlack night shade, a medicinal plant
38754\teso\tdraft\tEKP=eso\trespect, prohibition,, avoidance / running, race
38755\tete\tdraft\tEKP=ete\tear
38756\teteha\tdraft\tEKP=eteha\tsparrow
38692\tetele\tdraft\tEKP=etele\tmat
38660\tetf'i\tdraft\tEKP=etf'i\trope
38693\teto\tdraft\tEKP=eto\tfruit sp.
38757\tewa\tdraft\tEKP=ewa\tconsultation with native soothsayer / name, salutation
38694\tewe\tdraft\tEKP=ewe\tgrass / grass (common low-growing plant that covers fields etc.) / gunpowder / vanity / weed (plant growing where it is not wanted).
38758\teweci\tdraft\tEKP=eweci\tashes
38759\teweka\tdraft\tEKP=eweka\tshoulder
38695\tewo\tdraft\tEKP=ewo\tfish trap / rain maker
38760\tewolo\tdraft\tEKP=ewolo\ttail
38696\tewude\tdraft\tEKP=ewude\tterrapin
38761\tewudhiwo\tdraft\tEKP=ewudhiwo\tmedicinal herb Fuirena umbellate (Rottb.).
38697\teye\tdraft\tEKP=eye\tday, afternoon, occasion
38698\teyo\tdraft\tEKP=eyo\twisdom
38699\tez abali\tdraft\tEKP=ez abali\tfox
38702\tez'i\tdraft\tEKP=ez'i\tsorrow E
38700\tezek''u\tdraft\tEKP=ezek''u\thearth, tripod
38701\tezhi\tdraft\tEKP=ezhi\tPig
38762\tezo\tdraft\tEKP=ezo\tshape
38763\tezu\tdraft\tEKP=ezu\ttrap G.
38790\tg e\tdraft\tEKP=g e\tgrind \v _! vv _
38791\tg eg e\tdraft\tEKP=g eg e\trub forcefully
39021\tg gag u\tdraft\tEKP=g gag u\tbear fruit T^PI
38793\tg o og una\tdraft\tEKP=g o og una\tsnore PI
39018\tg w aka\tdraft\tEKP=g w aka\tpestle
39019\tg w ata\tdraft\tEKP=g w ata\twarm oneself
39006\tg w e udu\tdraft\tEKP=g w e udu\tdeep (be)
38794\tg w u\tdraft\tEKP=g w u\tdig PI
38795\tg w udi\tdraft\tEKP=g w udi\tplay + play oguologu
38797\tg w ushi\tdraft\tEKP=g w ushi\tsing
39017\tg' v agbazali\tdraft\tEKP=g' v agbazali\tmelt
39020\tg' v e\tdraft\tEKP=g' v e\tbitter, be
38880\tgaji\tdraft\tEKP=gaji\tspoon
38881\tgaji iz e\tdraft\tEKP=gaji iz e\tfork
39008\tgala\tdraft\tEKP=gala\tmask
38764\tgalaga\tdraft\tEKP=galaga\tgo, pass
38765\tgali\tdraft\tEKP=gali\tgari
39009\tganikanj\tdraft\tEKP=ganikanj\tsenior brother
38779\tgb email\tdraft\tEKP=gb email\tavoid, dodge T^PI
38766\tgba agbezhi\tdraft\tEKP=gba agbezhi\tthink
38768\tgba ama\tdraft\tEKP=gba ama\tinform (on), betray, warn
38767\tgba e so\tdraft\tEKP=gba e so\trun
38769\tgba ogboli\tdraft\tEKP=gba ogboli\tflow (as river)
38771\tgbacfi e\tdraft\tEKP=gbacfi e\troll
38770\tgbadi\tdraft\tEKP=gbadi\tdeliberate / paddle (boat) / uproot, harvest
38772\tgbadi tu\tdraft\tEKP=gbadi tu\tborrow
38773\tgbaje\tdraft\tEKP=gbaje\tbreak, snap
38774\tgbama\tdraft\tEKP=gbama\tflay
38882\tgbanlgbani\tdraft\tEKP=gbanlgbani\twhip
38775\tgbaq w o\tdraft\tEKP=gbaq w o\tchange
38776\tgbashi\tdraft\tEKP=gbashi\tspread (as cloth)
38777\tgbate\tdraft\tEKP=gbate\tstretch
38778\tgbati\tdraft\tEKP=gbati\tstretch, spread out
38883\tgbegbe\tdraft\tEKP=gbegbe\tzinc, aluminium
38780\tgbeweji\tdraft\tEKP=gbeweji\tconsider, take account of
38884\tgbo\tdraft\tEKP=gbo\tnail
38781\tgbo igbo\tdraft\tEKP=gbo igbo\tcrawl
38783\tgbobishi\tdraft\tEKP=gbobishi\tprevent, stop, block
38782\tgbogbo\tdraft\tEKP=gbogbo\tboil (of water)
38885\tgbonigbo\tdraft\tEKP=gbonigbo\tbell, small
39011\tgea\tdraft\tEKP=gea\tself
38886\tgene\tdraft\tEKP=gene\tbeautiful dancing
39012\tgenyi\tdraft\tEKP=genyi\twife
39014\tgg\tdraft\tEKP=gg\tchange, turn into
39013\tgi\tdraft\tEKP=gi\tone T^PI
38784\tgo ete\tdraft\tEKP=go ete\tlisten
38785\tgokoshi\tdraft\tEKP=gokoshi\thang (on) gokotu
38887\tgolo\tdraft\tEKP=golo\till-tasting, gluey soup
38786\tgowo\tdraft\tEKP=gowo\tcurse
38787\tgu\tdraft\tEKP=gu\tbore, pierce / hungry (be)
39015\tguje\tdraft\tEKP=guje\tfriend
38788\tgulue\tdraft\tEKP=gulue\tcome to an end
39016\tguneke\tdraft\tEKP=guneke\tjunior brother
38789\tgwali\tdraft\tEKP=gwali\tremain, be left \V
38792\tgwe\tdraft\tEKP=gwe\tfail / refuse / to choose
38796\tgwugwo\tdraft\tEKP=gwugwo\tquarrel with
38798\th w a\tdraft\tEKP=h w a\tcough / play (instrument), sound
38799\th w ama\tdraft\tEKP=h w ama\tlift down (as pot)
38801\th w e\tdraft\tEKP=h w e\tagree, allow, believe
38803\th w ek w ashi\tdraft\tEKP=h w ek w ashi\tforget
38806\th w u\tdraft\tEKP=h w u\tpay
38804\th w uh w u\tdraft\tEKP=h w uh w u\tcall, summon
38805\th w utu\tdraft\tEKP=h w utu\tcarry (child) / scoop out, scrape
38807\th''uya\tdraft\tEKP=h''uya\tbathe
38800\thwashi e ci\tdraft\tEKP=hwashi e ci\tset trap
38802\thwe\tdraft\tEKP=hwe\tbargain
38808\thwuhwu\tdraft\tEKP=hwuhwu\tmake a noise (quarrelsome) I
39059\ti shi\tdraft\tEKP=i shi\tempty container
38813\tibeke\tdraft\tEKP=ibeke\twhite man
38809\tibi\tdraft\tEKP=ibi\thernia
38810\tibida\tdraft\tEKP=ibida\tleft (hand)
38811\tibudhe\tdraft\tEKP=ibudhe\tplant sp. Seasonal edible fruit (not seed). Medicinal: hernia (mixed with other herbs);
38812\tibule\tdraft\tEKP=ibule\tbush fruit eaten by women (shrub)
38814\tica\tdraft\tEKP=ica\tsoap
38815\tichibelebe\tdraft\tEKP=ichibelebe\ttree sp. with medicinal leaf and root. Used as fencing and firewood.
38816\tichite\tdraft\tEKP=ichite\tplant, edible with medical uses (juice replenishes saliva; leaf cures malaria). Tied in
38817\tide\tdraft\tEKP=ide\tpride
38818\tidho-atu\tdraft\tEKP=idho-atu\tHaemorrhage plant used to wash melon, feed domestic animals, control erosion and as
38819\tido\tdraft\tEKP=ido\ttailor ant
38820\tidu\tdraft\tEKP=idu\tpot, small
38821\tidudu\tdraft\tEKP=idudu\tmaggots
38822\tigbakinigba\tdraft\tEKP=igbakinigba\tDevil’s horsewhip, a medicinal herb. Achyranthes aspera (Linn).
38823\tigbeci\tdraft\tEKP=igbeci\tiron bar
38824\tigbede\tdraft\tEKP=igbede\twater-yam
38825\tigbegili\tdraft\tEKP=igbegili\tiron shaipener
38826\tigbekwudo\tdraft\tEKP=igbekwudo\tthird place in a bed
38827\tigbeligbe\tdraft\tEKP=igbeligbe\tscoipion
38828\tigbolo\tdraft\tEKP=igbolo\twalking stick
38829\tigbu ekwudo\tdraft\tEKP=igbu ekwudo\tside of wall
38830\tige\tdraft\tEKP=ige\tdrying pole, shelf
38831\tigeleni\tdraft\tEKP=igeleni\tdarkness
38832\tigogo\tdraft\tEKP=igogo\tfrog
38833\tigulubya\tdraft\tEKP=igulubya\tweaver-bird
38835\tih w uo\tdraft\tEKP=ih w uo\tfarmland home
38836\tihyaleme\tdraft\tEKP=ihyaleme\tmischief
39287\tiika\tdraft\tEKP=iika\tsourness
39219\tiikpucfu\tdraft\tEKP=iikpucfu\tenter
38837\tij ele\tdraft\tEKP=ij ele\tGeorge-cloth
38838\tijidhe\tdraft\tEKP=ijidhe\ttree sp. of which the seed is used in soup. Irvingia gabonensis
38839\tikake\tdraft\tEKP=ikake\tcontradiction, argument
38840\tikeleci\tdraft\tEKP=ikeleci\trat
38841\tikeshl\tdraft\tEKP=ikeshl\ttree sp with medicinal use: bark for diarrhoea Newbouldia laevis (Seem).
38849\tikili\tdraft\tEKP=ikili\twhirlpool
38842\tikoko\tdraft\tEKP=ikoko\tplant sp. used as a support for carrying loads. Diplazium samattii (Kutin)
38843\tikoli\tdraft\tEKP=ikoli\tfetters, prison
38844\tikpeci\tdraft\tEKP=ikpeci\tnavel
38845\tikpele\tdraft\tEKP=ikpele\tlizard
38846\tikpi\tdraft\tEKP=ikpi\the-goat
38850\tikpili\tdraft\tEKP=ikpili\tankle-rattles made from small fruit shells
38847\tikpu\tdraft\tEKP=ikpu\tgrass sp., long / heap of firewood / placenta / plenty, abundance / shout of alaim / shout of alarm
38848\tikpu uta\tdraft\tEKP=ikpu uta\tsugarcane
38851\tili\tdraft\tEKP=ili\tgrave
38852\tiloma\tdraft\tEKP=iloma\tiron walking-stick
38853\tim'e\tdraft\tEKP=im'e\tinside
38854\timeleci\tdraft\tEKP=imeleci\tliver
38896\tina\tdraft\tEKP=ina\tmother
38898\tinakani\tdraft\tEKP=inakani\tgrandmother
38855\tine\tdraft\tEKP=ine\tMother! / mouth-bow
38856\tinekiline\tdraft\tEKP=inekiline\talternative name
38857\tino\tdraft\tEKP=ino\tmother (usually + possessive)
38899\tinyanya\tdraft\tEKP=inyanya\thorse
38859\tipikilipi\tdraft\tEKP=ipikilipi\tlarge slow mythical creature
38860\tipodhi\tdraft\tEKP=ipodhi\tWater lettuce. Used in ponds to feed fish and to cover ponds to prevent fish being eaten by
38858\tiqe\tdraft\tEKP=iqe\thunger
38900\tisa\tdraft\tEKP=isa\treceptacle for storing fish
38901\tisamulu\tdraft\tEKP=isamulu\tplace for hunting
38861\tisese-agbala\tdraft\tEKP=isese-agbala\tCoffee senna SP, a medicinal plant also used to expel bad spirits from homes.
38862\tishani\tdraft\tEKP=ishani\tbedroom
38863\tishi\tdraft\tEKP=ishi\tfaeces, manure, shit, dung, excreta / head
38902\tishikalaka\tdraft\tEKP=ishikalaka\tHog plum tree with edible fruit. Used to make drums. Medicinal root and leaf.
38864\tishike\tdraft\tEKP=ishike\twickedness
38865\tishucfo\tdraft\tEKP=ishucfo\tend wall / gecko
38866\tishuka\tdraft\tEKP=ishuka\ttruth
38904\titete-oyolo\tdraft\tEKP=itete-oyolo\tWater velvet, African mosquito fern. Plant sp. used to fead fish and to prevent fish being
38867\tiwene\tdraft\tEKP=iwene\tshame, shyness, reserve PI
38868\tiwolo\tdraft\tEKP=iwolo\tbush animal
38869\tiwolu\tdraft\tEKP=iwolu\tmonth
38906\tiye u'cfu\tdraft\tEKP=iye u'cfu\tbedbug
38907\tiye ugba\tdraft\tEKP=iye ugba\tcaterpillar
38905\tiyedo\tdraft\tEKP=iyedo\tcause of something
38870\tiyi-ele\tdraft\tEKP=iyi-ele\tplant sp. of which the leaf, root and fruit are medicinal
38909\tiyoloqu\tdraft\tEKP=iyoloqu\tgraveyard
38910\tiyoro\tdraft\tEKP=iyoro\trattling wristlet
38911\tiza'\tdraft\tEKP=iza'\tTree with edible leaves used to build houses and drums and to mark boundaries and ritual
38913\tizaza\tdraft\tEKP=izaza\tbroom
38914\tize\tdraft\tEKP=ize\tsunbird J.
38915\tja\tdraft\tEKP=ja\tcome / hail; praise; commend; salute; pay homage
38888\tjadi\tdraft\tEKP=jadi\tfishing net
38916\tji u kpunuko\tdraft\tEKP=ji u kpunuko\tkneel
38917\tjidaa\tdraft\tEKP=jidaa\tpress down
38918\tjigbede\tdraft\tEKP=jigbede\tfold, compress, shrink
38919\tjishi\tdraft\tEKP=jishi\tfold
38897\tjna\tdraft\tEKP=jna\tfruit (sweet and fleshy edible product of a plant or trees containing seed).
38908\tjyo\tdraft\tEKP=jyo\twhistle
38912\tjza\tdraft\tEKP=jza\tTree with edible leaves Pterocarpus spp.
38923\tk w a\tdraft\tEKP=k w a\tcry
38954\tk w ola\tdraft\tEKP=k w ola\ttap (palmwine)
38955\tk w uni\tdraft\tEKP=k w uni\tspeak/say/talk
38889\tka laka u s hi\tdraft\tEKP=ka laka u s hi\tstick
38956\tkacti\tdraft\tEKP=kacti\tstool
38920\tkali\tdraft\tEKP=kali\told, tom (become)
38921\tkapa\tdraft\tEKP=kapa\tclothes / clothes (made up)
38922\tkashi\tdraft\tEKP=kashi\tknot
38924\tkebye\tdraft\tEKP=kebye\tslice
38925\tkedi\tdraft\tEKP=kedi\tdeny
38926\tkela\tdraft\tEKP=kela\tgreet, thank
38957\tkelosin\tdraft\tEKP=kelosin\tkerosene
38927\tkeni\tdraft\tEKP=keni\tpraise
38928\tkiriko\tdraft\tEKP=kiriko\tslit wood-block used for music
38929\tko\tdraft\tEKP=ko\tbe scarce / clear (forest) / scratch / strike / tell (story)
38930\tkoko\tdraft\tEKP=koko\tCocoa. The fruit is eaten and is also exported. Theobroma Cocoa. Family Sterculiaceae.
38933\tkoma\tdraft\tEKP=koma\tscratch, rake, comb
38931\tkopya\tdraft\tEKP=kopya\tsmashed (be)
38932\tkoshi\tdraft\tEKP=koshi\tbend (an object) ko
38890\tkp'a\tdraft\tEKP=kp'a\tfish-trap rope
38895\tkpaco\tdraft\tEKP=kpaco\tknife, old, blunt
38934\tkpadu\tdraft\tEKP=kpadu\tmove about, visit
38935\tkpakpa\tdraft\tEKP=kpakpa\tclimb
38958\tkpama\tdraft\tEKP=kpama\tjigger L,
38891\tkpani\tdraft\tEKP=kpani\tmat
38936\tkpatu\tdraft\tEKP=kpatu\tgather, collect
38938\tkpe ekpele\tdraft\tEKP=kpe ekpele\tbeg, pray
38937\tkpe eti\tdraft\tEKP=kpe eti\tlisten
38939\tkpekpe\tdraft\tEKP=kpekpe\tdry up, wither
38940\tkpeni\tdraft\tEKP=kpeni\tworship
38892\tkpo\tdraft\tEKP=kpo\thit, beat / rope / stab / take (snuff) / tree sp. used to support yam tendrils, mend traps (abidhi) and tie support stick in
38941\tkpodu\tdraft\tEKP=kpodu\tclimb
38942\tkpogbede\tdraft\tEKP=kpogbede\tcollect, gather (as rubbish)
38944\tkpoji\tdraft\tEKP=kpoji\tcarry (child on back)
38943\tkpokoni\tdraft\tEKP=kpokoni\ttin
38945\tkpoli\tdraft\tEKP=kpoli\theal (of wound)
38893\tkposhl\tdraft\tEKP=kposhl\tfan with which idu ogbo is beaten
38946\tkpotu\tdraft\tEKP=kpotu\ttouch
38947\tkpu ishi\tdraft\tEKP=kpu ishi\tshave head
38948\tkpucfu\tdraft\tEKP=kpucfu\tenter
38951\tkpuji\tdraft\tEKP=kpuji\thold, carry (in mouth)
38950\tkpuma\tdraft\tEKP=kpuma\topen e.g. book / scrape off
38894\tkputa\tdraft\tEKP=kputa\tsugar-cane
38949\tkpute\tdraft\tEKP=kpute\tclose/cover, covered (be)
38952\tkpuzu\tdraft\tEKP=kpuzu\tmould, forge
38953\tkwashi\tdraft\tEKP=kwashi\ttether (e.g. goat)
38960\tla mi ni\tdraft\tEKP=la mi ni\tevoke/make rain
38961\tlaaq w a\tdraft\tEKP=laaq w a\tforget
38959\tlalu\tdraft\tEKP=lalu\tplant sp. Children grind the leaf and use the Hydrolea palustris (Aubi)
38962\tlama\tdraft\tEKP=lama\tpeel (by hand)
38834\tlg enig e\tdraft\tEKP=lg enig e\tcrowd, large number
38963\tli\tdraft\tEKP=li\tand / to bury
38964\tli eli\tdraft\tEKP=li eli\tto leak
38965\tliwashi\tdraft\tEKP=liwashi\tsqueeze in
38967\tloko\tdraft\tEKP=loko\theadscarf, silk
38966\tloma\tdraft\tEKP=loma\tuproot
38903\tltata\tdraft\tEKP=ltata\tany biting insect
38968\tlu\tdraft\tEKP=lu\tfight
38969\tlu elulu\tdraft\tEKP=lu elulu\ttell proverb M.
38970\tma'degede\tdraft\tEKP=ma'degede\tperson
38971\tmadu\tdraft\tEKP=madu\tcoipse
38972\tmaji\tdraft\tEKP=maji\tknow
38973\tmany\tdraft\tEKP=many\tgood/beautiful (be)
38974\tme erne\tdraft\tEKP=me erne\tgerminate, sprout
38975\tme ye\tdraft\tEKP=me ye\tmiss, go wrong meke
38978\tmene\tdraft\tEKP=mene\tdrink
38979\tmenye bugo\tdraft\tEKP=menye bugo\tpalm-wine
38976\tmetashi\tdraft\tEKP=metashi\tharm, injure
38977\tmezo\tdraft\tEKP=mezo\tredeem pledge
38982\tmi emi\tdraft\tEKP=mi emi\tdive
38981\tmi o\tdraft\tEKP=mi o\tsuck
38983\tmini\tdraft\tEKP=mini\twater, rain
38980\tmini-ema\tdraft\tEKP=mini-ema\tplant sp. the stem of which is carved for Holarrhena florinbunda machete, cutlass heads and paddles. Also (G. Don) Dur. Family
38984\tmoji\tdraft\tEKP=moji\thold s.t.
38985\tmono\tdraft\tEKP=mono\toil
38986\tmono oga\tdraft\tEKP=mono oga\tpalm-oil
38987\tmu\tdraft\tEKP=mu\tbeat(of sun) / give birth / learn
38988\tmuji\tdraft\tEKP=muji\tgather, carry in hand (s.t. light)
38989\tnagbo\tdraft\tEKP=nagbo\ttrick
38990\tnama\tdraft\tEKP=nama\tcow
38991\tnambe\tdraft\tEKP=nambe\ttortoise
38992\tnasi\tdraft\tEKP=nasi\tentice, induce
38993\tnatu\tdraft\tEKP=natu\tentice, induce, ask
38994\tnawe\tdraft\tEKP=nawe\tmate (as animal)
38995\tnazhi\tdraft\tEKP=nazhi\tremain, stay, be (somewhere)
38998\tncshi etna\tdraft\tEKP=ncshi etna\tsuckle, feed with liquid
38996\tne\tdraft\tEKP=ne\tgive, present (e.g. kola) / one
38997\tne efe\tdraft\tEKP=ne efe\tgive place
39000\tnu\tdraft\tEKP=nu ISU=kwà MBA=kwà NGW=kwà NGW=nu NSA=nu ONI=kwà OWE=kwà OWE=nu UMU=kwà\tpush / work
39001\tnuji\tdraft\tEKP=nuji\thear, build
38999\tnuni\tdraft\tEKP=nuni\tto bend, stoop
39002\tnushi\tdraft\tEKP=nushi\tplant (tubers)
39003\tnwana\tdraft\tEKP=nwana\tsibling, cousin
39004\tnwaneke\tdraft\tEKP=nwaneke\tyounger sibling, cousin
39005\tnwanikani\tdraft\tEKP=nwanikani\telder sibling, cousin
39007\tnwune\tdraft\tEKP=nwune\tone
39022\tnyajl\tdraft\tEKP=nyajl\tsling/hang (on neck/shoulder)
39023\tnyetu\tdraft\tEKP=nyetu\tsee
39027\tnyg\tdraft\tEKP=nyg\tdefecate, excrete
39024\tnyi\tdraft\tEKP=nyi\theavy, be
39025\tnyiinina\tdraft\tEKP=nyiinina\tto sleep
39026\tnyize\tdraft\tEKP=nyize\tstranger, guest
39028\tnyuoli\tdraft\tEKP=nyuoli\tquench, extinguish o.
39088\tobakiri\tdraft\tEKP=obakiri\tdance in which xylophone is used
39029\tobeke\tdraft\tEKP=obeke\tfatness; plumpness
39030\tobo\tdraft\tEKP=obo\tChristmas bush. Traditionally used for firewood. Edible mushrooms when plant is / basket (used by men for palm- / branches, foliage / monitor lizard, ‘iguana’
39034\toboli\tdraft\tEKP=oboli\tfish sp.
39031\tobu\tdraft\tEKP=obu\tbush animal / mind / song
39032\tobudu uka\tdraft\tEKP=obudu uka\tiron pot for cooking, small
39033\tobyakaka\tdraft\tEKP=obyakaka\twater drum (now extinct)
39035\toce enu\tdraft\tEKP=oce enu\tclear (bush)
39089\tocele\tdraft\tEKP=ocele\tkingfisher
39090\todele\tdraft\tEKP=odele\tvulture
39036\todo\tdraft\tACH=ọkwa EKP=odo EZA=ọ̀tụm ISU=odo MBA=ikwè NGW=ikwè OWE=oshìbo UMU=ikwò\ta bowl-shaped equipment made of heavy wood and used for holding things to be crushed, especially in the kitchen; smaller-sized mortar / mortar / tree sp. / yellow
39037\tododo\tdraft\tEKP=ododo\tflower (productive organ in the plant from which the fruit or seed develops). / red cloth
39039\todu\tdraft\tEKP=odu\tbottom / delicious food / horn (motor), transverse musical horn / mushroom
39038\toduga\tdraft\tEKP=oduga\tneedle
39091\toga ogbenyi\tdraft\tEKP=oga ogbenyi\thoney
39093\togani\tdraft\tEKP=ogani\tknife
39092\togb'a\tdraft\tEKP=ogb'a\twine filter
39094\togbani\tdraft\tEKP=ogbani\tbasket (for farm produce)
39040\togbo\tdraft\tEKP=ogbo\tall, totality / back / bat / group / occasion / thigh cf. esu
39041\togbogbo\tdraft\tEKP=ogbogbo\tmillipede
39042\togboli\tdraft\tEKP=ogboli\tcurrent (in stream)
39043\togboligbo\tdraft\tEKP=ogboligbo\tsweet potato
39044\togbolo\tdraft\tEKP=ogbolo\tcassava / fish sp.
39045\togbudiko\tdraft\tEKP=ogbudiko\tscorpion-like creature
39046\togbumadube\tdraft\tEKP=ogbumadube\tmask of own group
39047\togol ogwu\tdraft\tEKP=ogol ogwu\tgame
39048\togologwu\tdraft\tEKP=ogologwu\tconversation
39049\togulue\tdraft\tEKP=ogulue\tending
39095\togwo\tdraft\tEKP=ogwo\tsnake
39050\togwu\tdraft\tEKP=ogwu\tfear / festival / forked stick / hoe
39096\togwu ibeke\tdraft\tEKP=ogwu ibeke\tline
39097\toh w u\tdraft\tEKP=oh w u\toil-palm (tree)
39051\tohe\tdraft\tEKP=ohe\t"rubber" tree/seed
39052\toji\tdraft\tEKP=oji\tflute
39053\tojiji\tdraft\tEKP=ojiji\thousefly
39098\toka\tdraft\tEKP=oka\tmaize / white ant
39099\tokashi\tdraft\tEKP=okashi\tspear
39100\tokay'i\tdraft\tEKP=okay'i\tthatch
39054\tokele\tdraft\tEKP=okele\tiron clapperless bell
39111\tokenye\tdraft\tEKP=okenye\tfamine okpala
39101\tokeye\tdraft\tEKP=okeye\tfamine
39063\tokidika\tdraft\tEKP=okidika\tharmattan
39064\tokili\tdraft\tEKP=okili\tcastrated he-goat
39055\tokiligwe\tdraft\tEKP=okiligwe\tpot-stand
39056\tokobo\tdraft\tEKP=okobo\tbox
39057\tokolo\tdraft\tEKP=okolo\tfrog (type)
39058\tokpe\tdraft\tEKP=okpe\tfish / road, path okpokolo
39102\tokpedha\tdraft\tEKP=okpedha\tplant sp. used as firewood. Medicinal root and leaf used to scrape ringworm before
39060\tokpiiga\tdraft\tEKP=okpiiga\thut
39104\tokpo\tdraft\tEKP=okpo\tbark (tough protective outer sheath of tree branches). / fish sp. / skin, leather, hide, bark of tree
39103\tokpokalakala\tdraft\tEKP=okpokalakala\tSandpaper tree. Used to wash cooking and eating utensils. Dry root used for firewood.
39112\tokpola\tdraft\tEKP=okpola\teldest son, okpara
39105\tokpukolo\tdraft\tEKP=okpukolo\tcalabash, long thin
39061\tokpulishi\tdraft\tEKP=okpulishi\that
39106\tokpulugwe\tdraft\tEKP=okpulugwe\tpython
39107\tokuru\tdraft\tEKP=okuru\tokra okweba or
39108\tokwoba\tdraft\tEKP=okwoba\tpineapple okwude or
39109\tokwude\tdraft\tEKP=okwude\tcoconut
39113\tokwukwu\tdraft\tEKP=okwukwu\tfuneral
39114\tokwulukwo\tdraft\tEKP=okwulukwo\ttortoise
39110\tokwut'a\tdraft\tEKP=okwut'a\tpalm kernel
39062\tokwute\tdraft\tEKP=okwute\tcoconut tree. Medicinal: coconut milk neutralises drug overdose; nursing mother’s
39115\tokwutukpo\tdraft\tEKP=okwutukpo\tpalm fruit with the outer fleshy part surrounding the kernel not removed
39072\tol'u\tdraft\tEKP=ol'u\theight up above
39065\toleke\tdraft\tEKP=oleke\tplant sp. the tips are used as children’s head decoration during ceremonies
39066\tolilikwu\tdraft\tEKP=olilikwu\tbig pot
39067\tolimini\tdraft\tEKP=olimini\triver (big), sea
39068\tolo\tdraft\tEKP=olo\tantelope / bead
39070\tolo'ko\tdraft\tEKP=olo'ko\tlaw T^PI
39069\tolodi\tdraft\tEKP=olodi\tbush
39116\tolodo\tdraft\tEKP=olodo\tsort
39071\tolopo\tdraft\tEKP=olopo\tplant sp., bark of which used for rope and Sterculia tragacantha
39073\tolubekwutfo\tdraft\tEKP=olubekwutfo\thouse-roof
39074\tolugbu\tdraft\tEKP=olugbu\tbitterleaf
39075\tomu\tdraft\tEKP=omu\tBristle foxtail, East-Indies, Foxtail grass used Setaria barbata (Lam; / palm leaf, fresh, young palm-frond
39117\tona\tdraft\tEKP=ona\tdry water-course / three-leafed yam
39118\tono\tdraft\tEKP=ono\tanimal / goat
39119\tonoleka\tdraft\tEKP=onoleka\tleopard
39120\tonuba\tdraft\tEKP=onuba\tcrocodile
39076\tonuga\tdraft\tEKP=onuga\tcloth
39122\tonukpele\tdraft\tEKP=onukpele\tlizard
39121\tonutfo\tdraft\tEKP=onutfo\tborrow-pit
39123\tonuya\tdraft\tEKP=onuya\tbush-meat, animal
39077\tonyo\tdraft\tEKP=onyo\tglass
39124\toomadu\tdraft\tEKP=oomadu\tone person
39079\tooqunye\tdraft\tEKP=ooqunye\tsomeone, person
39125\toosin\tdraft\tEKP=oosin\tshilling
39080\topi\tdraft\tEKP=opi\thorn (instrument)
39126\topipinyenye\tdraft\tEKP=opipinyenye\tfirefly / star opitipi
39078\torjo\tdraft\tEKP=orjo\twell
39127\toseja\tdraft\tEKP=oseja\tpriest who performs sacrifice
39081\toshi\tdraft\tEKP=oshi\tvagina osohu, / waterside
39082\tosiso\tdraft\tEKP=osiso\tswelling, boil
39128\tosoh w u\tdraft\tEKP=osoh w u\tpalm fruit (seedless) Comment
39129\tota\tdraft\tEKP=ota\tfish trap
39130\totita\tdraft\tEKP=otita\tchewing-stick
39131\totu'ya\tdraft\tEKP=otu'ya\tbuffalo, bushcow owayi, owa i n.
39083\totuta\tdraft\tEKP=otuta\tplant sp. used as fencing, toothpicks and as Antidesma laciniatum
39084\towe\tdraft\tEKP=owe\tedible root
39132\towele\tdraft\tEKP=owele\tpalaver
39133\towhu\tdraft\tEKP=owhu\toil palm, palm-fruit
39134\towiliwha\tdraft\tEKP=owiliwha\tbamboo
39135\towo\tdraft\tEKP=owo\tcovenant
39085\towu\tdraft\tEKP=owu\tgroup of masks / spring, stream / stick / swelling
39136\toyika\tdraft\tEKP=oyika\tlies
39137\toyolo\tdraft\tEKP=oyolo\tcrayfish
39086\toyukwe\tdraft\tEKP=oyukwe\tmorning, dawn, day, life force
39087\toze\tdraft\tEKP=oze NKP=oze\tfruit sp. / lead
39139\toziizii\tdraft\tEKP=oziizii\tnoise P.
39138\tozo\tdraft\tEKP=ozo\tfish
39140\tpadie\tdraft\tEKP=padie\tpraise
39141\tpe\tdraft\tEKP=pe\tjump
39142\tpega\tdraft\tEKP=pega\tstep over
39145\tpima\tdraft\tEKP=pima\tto twist
39143\tpioshi\tdraft\tEKP=pioshi\tlook into
39146\tpokibi\tdraft\tEKP=pokibi\tbucket, container
39147\tpopo\tdraft\tEKP=popo\tpawpaw
39148\tpyolaga\tdraft\tEKP=pyolaga\tpass through small opening S.
39010\trfata\tdraft\tEKP=rfata\tplace over flame, expose to fire
39149\tsabete\tdraft\tEKP=sabete\tdwell, live / leave, release
39150\tsama\tdraft\tEKP=sama\topen eyes / wash s.t.
39151\tsamali\tdraft\tEKP=samali\tclear (be) (of vision)
39152\tsapi\tdraft\tEKP=sapi\tkey
39153\tsatu\tdraft\tEKP=satu\tresemble
39154\tse\tdraft\tEKP=se\tfloat / sneeze
39156\tse le\tdraft\tEKP=se le\ttomorrow
39155\tseji\tdraft\tEKP=seji\tstop, halt / wait for, keep watch Comment
39157\tshi\tdraft\tEKP=shi\tcook (soup)
39158\tshili\tdraft\tEKP=shili\tblunt (become) (e.g. knife) so
39159\tsoso\tdraft\tEKP=soso\thate v.t.
39160\tsoze\tdraft\tEKP=soze\tfollow, accompany
39161\tta\tdraft\tAFI=ṭa AJA=talata EKP=ta EZA=tàa ISU=ta NKP=tanata OWE=ta OWE=ṭa\tbite, chew PI / chew / dry up (of liquid) PI / fall in drops (liquid) / reduce in breadth or thickness; grow thin; / reduce in thickness; reduce in height (liquid), especially by drying up / sigh
39162\ttaci\tdraft\tEKP=taci\tbe rust(-coloured)
39163\ttadu\tdraft\tEKP=tadu\tspoil
39164\ttakushi\tdraft\tEKP=takushi\tstick into
39165\ttakwudu\tdraft\tEKP=takwudu\tsticky (be) PI
39166\tte\tdraft\tEKP=te\trub on, scrub
39167\tte eli\tdraft\tEKP=te eli\tdance
39169\ttoma\tdraft\tEKP=toma\tuntie, loosen PI
39170\ttonjo\tdraft\tEKP=tonjo\tlamp tu ugo
39168\ttoshi\tdraft\tEKP=toshi\tthread, string together
39171\ttu ogbo\tdraft\tEKP=tu ogbo\tmany/plenty (be)
39172\ttu otog w u\tdraft\tEKP=tu otog w u\taffect (e.g. of fear)
39176\ttuk w a\tdraft\tEKP=tuk w a\tseek, trace
39173\ttukadi\tdraft\tEKP=tukadi\tmurmur
39174\ttukpu\tdraft\tEKP=tukpu\tstoop, bend down, crouch, squat
39175\ttupyo\tdraft\tEKP=tupyo\tpass through small opening PI
39353\tu zu\tdraft\tEKP=u zu\tblacksmithery
39257\tuba\tdraft\tEKP=uba\thand of bananas / nation, tribe / to write
39258\tubaji\tdraft\tEKP=ubaji\tblackness
39178\tube\tdraft\tEKP=ube\ttime
39179\tubete\tdraft\tEKP=ubete\tkeep / place, put
39259\tubo\tdraft\tEKP=ubo\tguitar / mbira, thumb-piano, sansa
39177\tubo-ogu\tdraft\tEKP=ubo-ogu\tFalse thistle. Medicinal plant.
39260\tuboli\tdraft\tEKP=uboli\tday after tomorrow, day before yesterday
39261\tubulu'bu\tdraft\tEKP=ubulu'bu\tdust
39262\tuca\tdraft\tEKP=uca\tmask
39263\tucaca\tdraft\tEKP=ucaca\tfilter
39180\tuce\tdraft\tEKP=uce\tparrot / thought
39269\tucfo uza\tdraft\tEKP=ucfo uza\tclay
39189\tucfukcshi\tdraft\tEKP=ucfukcshi\tside, neighbourhood, proximity
39190\tucfuma\tdraft\tEKP=ucfuma\treach
39182\tuchichi\tdraft\tEKP=uchichi\tKhakiweed or khakibur. Medicinal when mixed with other plants.
39181\tuci\tdraft\tEKP=uci\tiron / to chase
39264\tucitu\tdraft\tEKP=ucitu\tdraw (water from well)
39265\tudadi\tdraft\tEKP=udadi\tseparation (where wife goes during menstruation)
39183\tudeke\tdraft\tEKP=udeke\twarm up (e.g. soup)
39184\tudhu-ugboko\tdraft\tEKP=udhu-ugboko\tplant sp. which cures dizziness and is used as firewood.
39185\tudo\tdraft\tEKP=udo\thouse / palm-fruit stick / plumbline / pull / shade, shadow / timber sp.
39268\tudo unu\tdraft\tEKP=udo unu\tnest
39188\tudu\tdraft\tEKP=udu\tadvice / flesh / hole, pit
39186\tuduke\tdraft\tEKP=uduke\tman
39270\tuduma\tdraft\tEKP=uduma\tlawlessness, carelessness
39187\tudurje nye\tdraft\tEKP=udurje nye\tanother Baphia nitilda (Linn).
39191\tudye\tdraft\tEKP=udye\tday of the market week
39205\tug u\tdraft\tEKP=ug u\tlouse
39325\tug w olugbede\tdraft\tEKP=ug w olugbede\tmaiden
39271\tuga\tdraft\tEKP=uga\tromance
39272\tugaga\tdraft\tEKP=ugaga\tsheep
39273\tugba eso\tdraft\tEKP=ugba eso\trun
39274\tugbakonozu\tdraft\tEKP=ugbakonozu\tweek, period
39192\tugbakpo\tdraft\tEKP=ugbakpo\ttrial, efforts
39275\tugbamini\tdraft\tEKP=ugbamini\turine
39276\tugbanu\tdraft\tEKP=ugbanu\tlip
39277\tugbanuko\tdraft\tEKP=ugbanuko\ttoe
39193\tugbe\tdraft\tEKP=ugbe\tflower / plant sp. used for shade, firewood and latex. Ficus ovata (Vahl). Family
39278\tugbede\tdraft\tEKP=ugbede\tgirl
39194\tugbeweji\tdraft\tEKP=ugbeweji\tremember
39195\tugbogbo\tdraft\tEKP=ugbogbo\tedge / last
39196\tugboji\tdraft\tEKP=ugboji\tboy / young man
39197\tugboko\tdraft\tEKP=ugboko\toil-bean tree / plant sp. used as fuel for baking bread Penthaclethra macrophylla
39198\tugbolo\tdraft\tEKP=ugbolo\twork
39199\tugbono\tdraft\tEKP=ugbono\tproximity, neighbourhood
39279\tugbu\tdraft\tEKP=ugbu\tbundle / theft / thief
39200\tugbulu\tdraft\tEKP=ugbulu\tjuju
39201\tugo\tdraft\tEKP=ugo\tbuying
39202\tugono\tdraft\tEKP=ugono\tplant sp. Edible mushrooms. Medicinal: water Anthocleista nobilis (G.
39203\tugonu\tdraft\tEKP=ugonu\ttake
39204\tugu\tdraft\tEKP=ugu\tpalm-frond PI
39206\tugwe\tdraft\tEKP=ugwe\tlog / stem (main body or stalk of plant).
39207\tugwelegwe\tdraft\tEKP=ugwelegwe\tstalk (slender attachment of support of a leaf, flower, fruit etc.).
39280\tugwo\tdraft\tEKP=ugwo\tdebt / relative / sugar-cane
39208\tugwu min i\tdraft\tEKP=ugwu min i\tswim
39209\tugwushi obu\tdraft\tEKP=ugwushi obu\tsing
39282\tuho\tdraft\tEKP=uho\thawk / leaf / leaf (the green structures of a plant usually on the side of a stem or branch).
39210\tuho-ailu\tdraft\tEKP=uho-ailu\tbitter leaf. EJsed as vegetable. Medicinal uses Vernonia amygladina.
39283\tuho-ashala\tdraft\tEKP=uho-ashala\tBush okro, used as a vegetable.
39211\tuho-ede\tdraft\tEKP=uho-ede\tResurrection plant, air plant, Canterbury bells. Medicinal herb used to heal umbilical
39284\tuho-glini\tdraft\tEKP=uho-glini\tThorny pigweed sp., used as a vegetable.
39285\tuho-ibeke\tdraft\tEKP=uho-ibeke\tWater leaf. Used as a vegetable and sold for economic purposes.
39212\tuho-naijiria\tdraft\tEKP=uho-naijiria\tSiam weed. Used as vegetable, esp. when cooking Cocoyam, tissue paper and to stop
39286\tuhu\tdraft\tEKP=uhu\tnoise
39326\tuijukpa\tdraft\tEKP=uijukpa\torphan
39213\tuja\tdraft\tEKP=uja\tto come uji
39298\tukagbo\tdraft\tEKP=ukagbo\tyaws
39299\tukakwusi\tdraft\tEKP=ukakwusi\tstick
39288\tukali\tdraft\tEKP=ukali\told age
39289\tukani\tdraft\tEKP=ukani\tnative cloth, blanket
39297\tukanj\tdraft\tEKP=ukanj\tolden days, old
39300\tukaya\tdraft\tEKP=ukaya\tjungle
39290\tukayi\tdraft\tEKP=ukayi\tcoldness
39214\tuke asasa\tdraft\tEKP=uke asasa\tleprosy
39215\tuko\tdraft\tEKP=uko\tDodder. Plant sp. used to support heavy load on head and medicinal. Placed on personal / leg, foot
39301\tukoci\tdraft\tEKP=ukoci\tdry season
39291\tukolowu\tdraft\tEKP=ukolowu\tguinea-fowl
39216\tukoloyi\tdraft\tEKP=ukoloyi\tyam stake
39217\tukoma\tdraft\tEKP=ukoma\tman
39292\tukpa\tdraft\tEKP=ukpa\tbring up, train, nurture / fish / hut / stick / ‘walnut’, Tetracarpidium conophorum
39224\tukpako\tdraft\tEKP=ukpako\twooden plate
39296\tukpalahu\tdraft\tEKP=ukpalahu\tletter Comment
39302\tukpeci\tdraft\tEKP=ukpeci\tfireplace
39303\tukpelekidi\tdraft\tEKP=ukpelekidi\tcough
39218\tukpo\tdraft\tEKP=ukpo\tbasket / bone / fish trap / knife for tapping palm wine, small / to speak
39223\tukpu-uya\tdraft\tEKP=ukpu-uya\tWest African Sarsaparilla. Old plants produce edible yam-like akaka. Only female type
39225\tukpuleci\tdraft\tEKP=ukpuleci\tfirebrand
39293\tukpulu\tdraft\tEKP=ukpulu\tseed / seed (flowering plant unit of reproduction, capable of developing into another such / seed, fruit
38710\tukpulu-eda\tdraft\tEKP=ukpulu-eda\tedible fruit of eda star apple tree. Children use seeds for
39220\tukpunuko\tdraft\tEKP=ukpunuko\tknee
39221\tukpunuko-\tdraft\tEKP=ukpunuko-\therb, of which the stem, root and leaf are Palisuta hirsute (thumb)
39222\tukputu\tdraft\tEKP=ukputu\tparticle
39294\tukwa\tdraft\tEKP=ukwa\tegg / iron stick / to cry
39295\tukwa-apele\tdraft\tEKP=ukwa-apele\tplant sp. of which the fruit is eaten.
39304\tula\tdraft\tEKP=ula\tvillage, community
39226\tuli\tdraft\tEKP=uli\tcomplaint, neck, voice / friend made during a visit to another village / report / thread
39305\tulo\tdraft\tEKP=ulo\tto go out
39306\tuloshi\tdraft\tEKP=uloshi\tto go (home)
39227\tulu\tdraft\tEKP=ulu\tfight, war, battle / hall / slave
39307\tuma\tdraft\tEKP=uma\tanger / circumcision / good / jealousy / spirit, temper
39308\tumaji\tdraft\tEKP=umaji\tmelon, squash (Curcurbita pepo )
39311\tumehu\tdraft\tEKP=umehu\tcamwood
39228\tumekp'eli\tdraft\tEKP=umekp'eli\ttrouble
39309\tumelWi\tdraft\tEKP=umelWi\tsmoke
39310\tumelede\tdraft\tEKP=umelede\tchildren umo h u,
39229\tumo\tdraft\tEKP=umo\tdew
39312\tumu\tdraft\tEKP=umu\tgroup / laugh
39314\tumudi\tdraft\tEKP=umudi\tlearn
39313\tumushi\tdraft\tEKP=umushi\tlight (fire etc.) / sharpen (knife)
39315\tuna\tdraft\tEKP=una\tstick / weight, heaviness
39316\tunama or\tdraft\tEKP=unama or\tplayground (place in centre for village for unoma
39318\tunazhi ezhi\tdraft\tEKP=unazhi ezhi\tsit down
39317\tunazi\tdraft\tEKP=unazi\tcondition
39319\tunosi\tdraft\tEKP=unosi\tjuju
39230\tunu\tdraft\tEKP=unu\tmouth / plant sp. used for canoes and firewood. Its juice is used to bathe children suffering high / pond / umbrella tree
39320\tunu o shi\tdraft\tEKP=unu o shi\twaterside
39233\tunuge\tdraft\tEKP=unuge\twife
39321\tunukani\tdraft\tEKP=unukani\tadult
39235\tunuke\tdraft\tEKP=unuke\tadult
39231\tunukwuma\tdraft\tEKP=unukwuma\tchest
39232\tununu\tdraft\tEKP=ununu\tfuture, in front (time or place)
39234\tunusd\tdraft\tEKP=unusd\tfirst place in a bed
39322\tunwu\tdraft\tEKP=unwu\tdrink
39323\tunya\tdraft\tEKP=unya\tundergrowth
39236\tunye\tdraft\tEKP=unye\tdirt / dirtiness
39237\tunyoma\tdraft\tEKP=unyoma\twoman
39327\tupa\tdraft\tEKP=upa\tflea
39238\tupe\tdraft\tEKP=upe\thorn (animal)
39239\tupi\tdraft\tEKP=upi\tface
39328\tupya\tdraft\tEKP=upya\tbrain upupenyenye
39324\turjo\tdraft\tEKP=urjo\tchild
39329\tusa\tdraft\tEKP=usa\twhite
39330\tusali\tdraft\tEKP=usali\tbushbuck, duiker
39331\tusama\tdraft\tEKP=usama\twashing
39332\tusamli\tdraft\tEKP=usamli\tdaylight
39240\tuse\tdraft\tEKP=use\tsneeze
39241\tushi\tdraft\tEKP=ushi\tstick / tree / tree (perennial plant with a woody self supporting main stem or trunk when mature
39333\tusoku\tdraft\tEKP=usoku\tBread fruit tree. Edible fruit. Branches Artocarpus atilis (Park;
39335\tusoloku\tdraft\tEKP=usoloku\tbreadfruit
39334\tusoso\tdraft\tEKP=usoso\thatred
39242\tusu\tdraft\tEKP=usu\tbat / bird sp. / to pound
39336\tuta\tdraft\tEKP=uta\tsaliva / to bite
39337\tutala\tdraft\tEKP=utala\tdry season
39338\tutani\tdraft\tEKP=utani\tfirewood
39243\tute eli\tdraft\tEKP=ute eli\tdance
39266\tutfakpaleka\tdraft\tEKP=utfakpaleka\twasp
39267\tutfo\tdraft\tEKP=utfo\tchalk, powder for rubbing bodies udo / house
39244\tutu\tdraft\tEKP=utu\tdiver / plant sp. used as firewood, to make ekwe musical instrument. Medicinal: latex rubbed / stick
39339\tutushi\tdraft\tEKP=utushi\taim at, stalk
39340\tuwa\tdraft\tEKP=uwa\tsoul / yawn
39341\tuwadi\tdraft\tEKP=uwadi\ttogether (place)
39245\tuweele\tdraft\tEKP=uweele\twind
39342\tuweji\tdraft\tEKP=uweji\tsee
39343\tuwh'o il'u\tdraft\tEKP=uwh'o il'u\tbitterleaf
39246\tuwhe\tdraft\tEKP=uwhe\tto agree
39344\tuwo\tdraft\tEKP=uwo\tbelly / grey hair / smell of fresh fish
39247\tuwu\tdraft\tEKP=uwu\tcompletely / newness / thread
39248\tuwudu\tdraft\tEKP=uwudu\tanger
39345\tuwuluwu\tdraft\tEKP=uwuluwu\tfoam
39346\tuya\tdraft\tEKP=uya\tbush
39249\tuye\tdraft\tEKP=uye\tbad deed, defilement, abomination
39250\tuyi\tdraft\tEKP=uyi\tblackness, darkness / fluted pumpkin
39347\tuyo\tdraft\tEKP=uyo\tpoverty
39251\tuyodii\tdraft\tEKP=uyodii\tpeace
39349\tuza\tdraft\tEKP=uza\tbroom / sand
39350\tuza-eyeke\tdraft\tEKP=uza-eyeke\tBroom weed, the stems of which are used for Sida acuta (Burm F).
39351\tuzama\tdraft\tEKP=uzama\tsweeping
39252\tuze\tdraft\tEKP=uze\tsquirrel / to go
39253\tuzedu\tdraft\tEKP=uzedu\tneighbourhood, nearness
39254\tuzhi\tdraft\tEKP=uzhi\tteach / to send
39255\tuzi\tdraft\tEKP=uzi\tjoints / message
39352\tuzu\tdraft\tEKP=uzu\tant heap / ceiling, store over fireplace
39256\tuzuzu\tdraft\tEKP=uzuzu\tarrangement, counsel
39354\twall\tdraft\tEKP=wall\tbreak, split
39355\twamali\tdraft\tEKP=wamali\tbreak friendship
39356\twe\tdraft\tEKP=we\tblow (of wind) / cooked (be) / fly / light (be) (in weight)
39358\twe-shi\tdraft\tEKP=we-shi\tcross, pass over
39357\twebeni\tdraft\tEKP=webeni\tperch
39360\two wo\tdraft\tEKP=wo wo\tbreak, erode
39359\twoli\tdraft\tEKP=woli\thide s.t.
39361\tworn a\tdraft\tEKP=worn a\tpluck off (as leaf)
39362\twotu\tdraft\tEKP=wotu\tpluck (as fruit) (v.), catch (object thrown)
39364\twu udugbe\tdraft\tEKP=wu udugbe\tmouldy (become)
39363\twuluma\tdraft\tEKP=wuluma\tlost (get)
39365\twuma\tdraft\tEKP=wuma\tpeel off (skin, bark)
39366\twushi\tdraft\tEKP=wushi\tcook, boil Y. / to pour
39367\tya ug w o\tdraft\tEKP=ya ug w o\tsweat
39368\tyadi\tdraft\tEKP=yadi\tslippery (be)
39369\tyashi\tdraft\tEKP=yashi\trub (ointment, oil)
39370\tye gbede\tdraft\tEKP=ye gbede\tadd, put / tie (in bundle)
39371\tyes hi\tdraft\tEKP=yes hi\tadorn, dress up
39372\tyi uke\tdraft\tEKP=yi uke\tmake, enact (a law)
39373\tyili\tdraft\tEKP=yili\tcloudy (be)
39374\tyiya\tdraft\tEKP=yiya\tsqueeze (leaves), crush by rolling in hand
39375\tyodu\tdraft\tEKP=yodu\tcool, calm (become) / soft (become) (e.g. of pear)
39376\tyoji\tdraft\tEKP=yoji\tput on (dress)
39377\tyulu\tdraft\tEKP=yulu\tfull (be), fill Z.
39348\tyyj\tdraft\tEKP=yyj\tnasty smell
39378\tzegbo\tdraft\tEKP=zegbo\tget stuck
39382\tzhaya\tdraft\tEKP=zhaya\tbargain
38871\tzhi\tdraft\tEKP=zhi\tbe in a state of, have quality of / husband / order from market, send message / show, teach
39383\tzhi ijmkpa\tdraft\tEKP=zhi ijmkpa\tneeded/ important (be) + need
39384\tzhigicfi\tdraft\tEKP=zhigicfi\tshake References
38872\tzogo\tdraft\tEKP=zogo\twine jar
39379\tzukushi\tdraft\tEKP=zukushi\tjoin, add
39380\tzulu\tdraft\tEKP=zulu\trest, regain strength
39381\tzuta\tdraft\tEKP=zuta\tmeet, encounter
