52419\tNwoke tochaa, o chere ibe ya
52420\tNwunye awọ sị na di atọka ụtọ, ya jiri lụta nke ya kwọrọ ya n'azụ
52421\tỌ bịara be onye abịagbula ya, ọ lawa, mkpumkpu akwọkwala ya n'azụ
52422\tỌ bịara ije nwe ụla
52423\tỌ bụ a chụpụchaa ufu, a jụọ ọkụkọ ebe ọ gara
52424\tỌ bụ a lụnye gi nwaanyị, akpọnye gi ute?
52425\tỌ bụ alụsị ndi na-efe na egbu ha
52426\tỌ bụ a zọta ala a zọwa ute
52427\tỌ bụ anụ ji eze ari elu na-ama osisi na-elu ilu
52428\tỌ bụ chi onye na-efe na egbu ya
52429\tỌ bụ eburu ụzọ achụpụ ufu, tupu atawa ọkụkọ ụta ịba n'ọhịa
52430\tỌ bụ ihe onye nwere na-epu n'ubi ya
52431\tỌ bụ isi a hụrụ kwaa okpu
52432\tỌ bụ itakọ ụkwa na-ebute ịjakọ eze
52433\tỌ bụ ka ọsa hụrụ akwụ si edebe eze
52434\tỌ bụ m ka Aba na-amụrụ ọkpụ?
52435\tỌ bụ naanị osisi nụrụ na-aga egbu ya kwụrụ
52436\tỌ bụ nwaanyị na-eshi ogiri ma ijiji anya kpọrọ
52437\tỌ bụ ofu nne na-amụ mana ọ bụghị ofu chi na-eke
52438\tỌ bụ oke nọ na ụlọ gwara nke nọ na ọhịa na azụ dị na ngiga
52439\tỌ bụ otu aka ha nwaanyi ka ọ na-atukwasị di ya
52440\tỌ bụ ọma nkịta na-amanye ya aka n'ọnụ
52441\tỌ bụ onye nọ mmadu nso na anụ ishi eze
52442\tỌ bụ ụkwụ a ka nama ji ga-eru Umuahia
52443\tỌ bụghị a hụchaa ozu ele, a na-achọ nzọ ụkwụ ya
52444\tỌ bụghị egwu achị ụtaba n'aka agba
52445\tỌ bụghị ka aki ilụ na-ada n'ọnụ ka ọ na-atọ
52446\tỌ bụghị ka ihe nracha sị amị
52447\tỌ bụghị ọnụ eji biri akụ ka eji akwụ ya
52448\tỌ bụghị ụbochị nwata kwafuru mmanụ ka a na-eti ya ihe, kama ọ bụ ụbọchị ọkwafuru ogiri akwụ
52449\tỌ bụrụ na agwaghị onye isi aha onye nwụrụnụ ya bee akwa onye dị ndụ
52450\tỌ bụrụ na dibịa rijuo afọ, ọ gaa n’ajọ ọhịa ga bụta mgbọrọgwụ
52451\tỌ bụrụ na ịnyụ mamịrị efeka, ka ọkụkọ nyụọ
52452\tỌ bụrụ na mmehie adịghị mgbaghara agaghị adị
52453\tO buru nnaya ụzọ mmụọ di ọkpara
52454\tỌ bụzị Aaron gbara aka laa
52455\tỌ chọ ihe kụọ aka, maka na anụ na-akpa n'abalị erika
52456\tỌ chọ ihe ukwu ahụla agba enyi
52457\tỌ chọ mma jide akụ
52458\tỌ chụ nwa ọkụkọ nwe ada, nwa ọkụkọ mwe mwe ọsọ
52459\tỌ dị nkenke na-eme ire
52460\tỌ dị n'ala na-ebu eke
52461\tỌ dịghị mma a nọdị mmadụ mmadụ a na-ekwu mmụo mmụo
52462\tỌ ga-ama na mmiri ọku na-egbu mbe
52463\tỌ gbajuona dọrọ
52464\tO gbu opi na-ehicha ọnụ
52465\tO gbuo n’ọhịa ọ pụta n’ụzo na-ajụ onye gburunụ
52466\tO ji akwa asa ahụ, mara onwe ya
52467\tO ji ji nwata egburu ya awayị
52468\tO ji m eme ọnụ, ihe m ji emere ya ọjị akọkwala m
52469\tO ji mma, jiri ibe ji, onye ọ wanyere ya rie
52470\tO ji nwayọọ adịghị emerụ ahụ
52471\tO ji ọfọ ga-ala
52472\tO ji ụka ama atụ sị na etito toro ọkụkọ n'isi ha otu a, isi ọkụkọ ọ hazị aghaa?
52473\tO jirila eze kpee ekwere
52474\tO jirinụ anya ya hụ nti ya
52475\tO kweghi m ṅụrụ mmiri tọwa iko
52476\tỌ maghi onye nwụrụ a na-ebe
52477\tỌ mara ajụ bidoro aka n'ụkwụ ụgbọgụrụ na-ajụ ihe na-ami anyụ
52478\tỌ mara asụ, ya sụọ n'ikwe, ọ maghị asụ ya sụọ n'ala
52479\tO mewere ma chi ekweghi, onye ụta atagbụla ya
52480\tỌ kwara ihe eghu na-ata
52481\tỌ na-abụ a hụchaa ụzọ a si mụta ọkụ?
52482\tỌ na-agbaghachị aka clock azụ
52483\tỌ na-akọ oghere ji egheghi ede
52484\tỌ na-eme ka nkịta nwaanyị zụrụ
52485\tỌ naghị ada ebe a ga-atụtụta ya
52486\tỌ nọ na ndụ hụ onwa
52487\tỌ nọ n'ala mara ụsụ dị ime
52488\tỌ nọ n'okụ ma ụgụrụ apụta
52489\tỌ nụrụ ube nwanne agbala ọsọ
52490\tO tere ofe nwa atụrụ ji rawa agba
52491\tObere nwa na-amụ iri elu, obi ga-esi ya ike
52492\tObodo ọbụla na-efu efu na-achị ọchị anaghị efufọ nnaa
52493\tỌchanja dị otu a kedụ ka main market ga adị?
52494\tỌchị abụghị ụtọ
52495\tOchie dibịa chụa aja ọ dịka e weere ya nye ndị mmụọ n’aka
52496\tỌchụ nwa ọkụkọ nwe ada, nwa ọkụkọ nwe mwemwe ọsọ
52497\tỌdụ ghara ikwe, ọsụọ n'ala
52498\tOfe di mma bụ ego gburu ya
52499\tOfe dịrị mma ụtara dịrị mma, kedụ ihe jizi onye ọbịa erijughi afọ
52500\tOfeke amaghị na nwanne ya bụ ọbịa
52501\tOfeke amaghị mgbe e kere nkụ ụkwa
52502\tOfeke amaghị oge e kere nkụ ụkwa
52503\tOfeke mụta atụta atụ, atụ gwụ n'ọhịa
52504\tOfeke na-eji aka ekpe arụ ụlọ nna aka
52505\tOfeke sị kama mmanya ga adọ n'ite, ya dọrọ n'afọ
52506\tỌfọ a na-ejiri ede bụ isita ya mmiri
52507\tỌfọ ka idide ji awa ala
52508\tỌfọ nfọju akpa, akpa ya na eghe oghe
52509\tOfu aka anaghị eke ngwugwu
52510\tOfu anya ji ishi ụgwọ
52511\tOfu mkpụrụ aka rụta mmanụ, o zue ndi ọzọ
52512\tOfu mkpụrụ akwụ anaghị efu n'ọkụ
52513\tỌganọhịa amaghị na akwụkwọ kwụ ntị
52514\tOgazị amaka mana ejighi ya agọ mmụọ
52515\tOgbenye adịghị arọ nrọ osikapa
52516\tOgbu mma anaghị ekwe ka mma gaa ya n'azụ
52517\tOgbu ọja na-ehicha ọnụ
52518\tỌgọ onye bụ chi ya
52519\tOgoli amaghị mma, onwee ezi agwa
52520\tOgoli kawa ọ dị ka ejighị akụ lụ ya
52521\tOgoli mara obi dị ya ọdịka ọhụrụ ọ dịka ọ gara na chukwu
52522\tOgologo abụghị na nwa m etoola
52523\tOgologo okwuchukwu adịghị n'ụka mgbede
52524\tOgwumagala sị na ihe ya na ụwa jiri dịrị na mma, bụ na o weta ocha ya achaa, o nwete oji ya ejie
52525\tOgwumagala sị na ya agaghị eji maka na ọku n'agba n'ịkpa we chefuo ije ọgaranya nna ya kuziere ya
52526\tỌhịa na-asọ nkata ya epula ero
52527\tỌhịa wọrọ gi nkụ, zeere gi olu
52528\tOhu hụrụ ebe e ji mbazụ eli ohu ibe ya, mara na otu ahụ ka ụbọchị nke ya ga-adị
52529\tOje mba enwe iro
52530\tOji akwa aghụ ahụ mara onwe ya
52531\tOji akụ kwaa nna ya, ọ bụghị ọkpara gburu ya
52532\tOji ọsọ agbakwu ọgụ amaghi na ọgụ bu ọnwụ
52533\tỌjị rue ụlọ o kwue ebe osi
52534\tOji ụkwụ ya eje sị ụmụ di ya hụrụ ya n'anya
52535\tOke akpachala anya taa akpa dibịa ma dibịa akpachala anya bụọ oke ọnụ
52536\tOke anaghị ata ihe onye mụ anya
52537\tOke amaghị ama taa akpa dibịa, dibịa amaghị ama kpaa oke eze
52538\tOke echiche mere atụrụ enweghi mpi
52539\tOke nkịta sị ihe ya ji anyụ mamiri ewela ụkwụ elu bụ ka onye ọbụla hụ na ibi adaghị ya
52540\tOke nkwụkwụ ekweghi nwanyị gba ahụ ọnụ
52541\tOke n'ọhịa ngwere n'ụzọ
52542\tOke osisi daa, ụmụ nnụnụ eju ọhịa
52543\tOke sooro ngwere maa mmiri, ọ kọchaa ngwere, ọ ga-akochakwa oke?
52544\tOkenye anaghị agwo ofe
52545\tOkenye anaghị anọ n’ụlọ ewu mụọ n’ọgbụ
52546\tOkenye anaghị asị nwata kuliere ya n'oche, nne nwata akpọghị ya, nna ya akpọọ ya
52547\tOkenye ji abalị eri oke, ma mmadụ ahụghị ya mmụọ hụrụ ya
52548\tOkenye jide ọjị kwachaa akpịrị, ndị mmụọ ṅawa ntị
52549\tOkenye kwachaa akpịrị, ntị ekelie ndị mmụọ
52550\tOkenye nwere anya abụọ mana nke atọ ka o ji ahụ ụzọ
52551\tOkenye nyụọ ahụrụ asị na ọ na-etiri ndi mmụọ akị
52552\tOkeọkpa kwaa, onye ụgwọ eche gbue onye ya
52553\tOkirikiriri ka a na-agba ukwu ose anaghị arị ya elu
52554\tOkokporo anaghị ama mgbe ọ gafere n'ama ọgọ ya
52555\tOkokporo chiwe nkwụ, siwe ite, nkwụ agbafughi, nri dị n'ite eree ọkụ
52556\tOkokporo na-afụ ọkụ na-ama ọsụ, amara na ịlụ nwaanyị eruala
52557\tOkokporo sị ahịa ejughi eju taata, mmadụ ole nọ n'ụlọ ya
52558\tOkokporo sịrị chọọrọ ya nwaanyị taata, chọọrọ ya nwaanyị echi, ọ bụ ya na onye bi bu?
52559\tOkokporo sọrọ ntụ ụtụtụ pụọ, ọ lọta ntụ na-eche ya
52560\tOkoro emeghi ka onye ara, ụmụnna ya agaghị alụnye ya nwaanyị
52561\tOkoro sị ya na-achọ nwaanyị ma ọ bụghị nke dị ime
52562\tỌkpa akụ eri eri lekwanụ ka ọnụ dị ndị nwụrụ anwụ
52563\tỌkpa ka e ji achọ ihe danyere na mmiri
52564\tỌkpụkpụ nkịta na-atalịghị ka ọkụkọ sị nye ya ka ya tapịa
52565\tỌkpụkpụ nyịrị nkịta ịta ka ọkụkọ sị nye ya ka ya tapịa
52566\tỌkụ a gụnyere nwata anaghị ere ya
52567\tỌkụ anaghị asa mmiri agbagbu nwa awọ
52568\tỌkụ anaghị efe mmiri egbu awọ
52569\tỌkụ daa ibube, ọdị ka ọnyụrụ anyụ
52570\tỌkụkọ anaghị echefu onye foro ya ọdụ na udu mmiri
52571\tỌkụkọ anaghị eji ụkwụ abụọ abọ ihe
52572\tỌkụkọ chị ụmụ anaghị arahụ n'elu
52573\tỌkụkọ dị be onye ụbịam na-eri nsi ewu
52574\tỌkụkọ gaa ebe ọ na-amaghị ala, o jiri ofu ụkwụ kwụrụ
52575\tỌkụkọ hapụrụ mma gburu ya na-ọrọgọrọ ite olu
52576\tỌkụkọ kwụsị kwọm kwọm, o jiri gịnị zụo ụmụ?
52577\tỌkụkọ lakpụrụ ụra abụghi n'afọ jụrụ ya
52578\tỌkụkọ mmanya na-egbu ahụbeghi ufu ara na-aghọ
52580\tỌkụkọ ntị ike na-anụ ihe n'ite ofe
52581\tỌkụkọ nyụọ ahụrụ, ala jụwa ya ọsọ
52582\tỌkụkọ ruo ebe ọ na-amaghị, o jiri ofu ụkwụ kwụrụ
52583\tỌkụkọ sị akụọ ekwe ọjị na ya agaghị ege ntị maka na ya enweghi eze
52584\tỌkụkọ sị ihe mere ya jiri mara na ya bụ eze, bụ na ana-ebu ya n'isi aba obodo
52585\tỌkụkọ sị ihe ya ji anụ mmiri eleli anya elu bụ maka ihe na-egbu ya na esi n'elu
52586\tỌkụkọ sị na ya ga atụgbu tupu ya eloo
52587\tỌkụkọ sị, ya na-ebe abụghị ka ihe ji ya hapụ ya, kama ọ bụ ka elu na ala nụrụ olu ya
52588\tỌkụkọ tụhie ala, olu agọọ ya
52589\tỌkụkọ tụọrọ ofu mkpụrụ akwụ lewe anya n'elu, aga ebunye ya ogbe ya
52590\tỌkwa sịrị ụmụ ya ha tụrụ ji ha tụrụkwa mgbọrọgwụ, maka onye nwe ji gwuru ji ya ka ha were mgbọrọgwụ biri
52591\tỌkwọ m n'azụ ụkwụ m na-akpụ n'ala, ya kwọtuo m
52593\tOkwu dị kwụrụ kwụrụ, e dewe ọnu kwụrụ kwụrụ
52594\tOkwu e kpebiri na-awaghị ọjị, echi a ga ekwugharị ya
52595\tOkwukwe ka nwa ewu ji amago nne ya
52596\tỌkwụrụ anaghị aka onye kụrụ ya ogologo
52597\tOlee uru awaị tara mmiri?
52598\tOme nshi eme aja, aka nshi abaghị ọnụ, aka aja abaa ya ọnụ
52599\tỌnu eji biri akụ abụghị ọnụ eji akwụ ya
52600\tO nwee imi ọ ga akpọ anwụrụ
52601\tOnweghi ebe i ji-azụ aga
52602\tOnweghi ihe agwọrọ onye ara gwọta ya ntakwu
52604\tOnweghi onye ga-asi ofe nne ya tere adịghị ụtọ
52605\tOnweghi onye ma obi onye eji n'ala, a hapụ ya ọ ga-alụ ọgụ ka ọ ga-agba ọsọ
52606\tOnweghi uzo e si gawa Onicha ọ di nsọ
52607\tOnwekwara egwu ezi na-agaghị agba?
52608\tOnwere ihe di iche egbe na egbe
52609\tOnwere ihe mere ede jiri bee nwịị
52610\tỌnwụ egbuchughi utu, o rie ihe kere isi
52611\tỌnwụ ga-egbu nwa nkịta anaghị ekwe ya nụ usi nshị
52612\tỌnwụ gburu dike, nwete ofeke ọ dọrie ya
52613\tỌnwụ gụwa nwa unere, ọ zaa otukwuru ọ mịa
52614\tOnye a ga-eji ehi kwa adịghị mma ịnụ na ọ bụ oke tagburu ya
52615\tOnye a ghọgburu ka a gbara
52616\tOnye a jụrụ anaghị ajụ onwe ya
52617\tOnye a kọrọ ọnụ bụ chi ya ka akọrọ
52618\tOnye a kpọrọ oku nri ọ kwụọ aka abụọ, onye nwe nri ọ ga-aghụzi ahụ
52619\tOnye a na-achụ ehi na-akpọku, ma o jighi ọgbụ ya, o jiri ọgwụ ya
52620\tOnye a na-agbara ama ọ na-aṅụrị, onye zuru oshi okwetela?
52621\tOnye a na-agwọ ibi ya na-eto afọ, ndị mmụọ na-akpọ ya oku n'ajọ ọhịa
52622\tOnye a na-akpọ nwere ihe ọ na-eme
52623\tOnye a na-akpọghị oku zogbue nwa ọkụkọ, o kwue onye kpọrọ ya nụ
52624\tOnye a na-azọ na-azọ onwe ya
52625\tOnye a na-ekiri ekiri adịghị mma ite ntụ ihu
52626\tOnye a sị jide ka o ji, ya mara na nke o ji amaka
52627\tOnye a tụọrọ ilu kọwaara ya, ego e ji lụ nne ya lara n'iyi
52628\tOnye afọ na-asa amaghị ajọ ohịa
52629\tOnye aghụghọ lie onwe ya, ofu aka ya na-apụta
52630\tOnye aghụghọ nwụọ, onye aghụghọ e lie ya
52632\tOnye anọghi ebe a liri ozu na-esi n'ukwu abọ
52633\tOnye aṅụ gbara na-atụ okporokporo ijiji ụjọ
52634\tOnye aṅụla ngwọ na nkwụ na-abia
52635\tOnye anwụla ibe ya e fụla
52636\tOnye ara sị onweghị ihe ya ga-agwa onye ji mma aga ya n'azụ, tutu rue mgbe ya chọrọ ishi ya achọ
52637\tOnye ara sị ya ma ihe ya na-eme, mana ihe na-eme ya ka ya na-amaghị
52638\tOnye arịrịọ ka onye oshi mma (Onye ayịyọ ka onye ori mma)
52639\tOnye bi na agiga oshimiri anaghi eji asụ akwọ aka
52640\tOnye biliri ọtọ nwere ebe ọ na-aga
52641\tOnye biri ibe ya biri
52642\tOnye bu enyi n'isi anaghi eji ọkpa akpa nte
52643\tOnye bu igu ka ewu na-eso
52644\tOnye buru chi ya ụzọ ọ gbagbuo onwe ya n'ọsọ
52645\tOnye chi ọjọọ gaa nkụ n'ọkọchị, mmiri na-asa ya ahụ
52646\tOnye chi ọjọọ, mmiri na-afanye ya n’eze
52647\tOnye chị ọkụ aracha aka, ọ ga-ekonye ya n'uko
52648\tOnye chọrọ ịgba ọsọ sị na-arọrọ ya anya
52649\tOnye chụọ onwe ya na ụgbọ, o sị ụgbọ ghara ya
52650\tOnye dinyere nwata nwude nkapia (nkakwụ), ga-ekunye ya mmiri o ji ga-akwọ aka
52651\tOnye emere ka emere ibe ya obi a dị ya mma
52652\tOnye emetụkwala nwa agụ aka n'ọdụ, ma ọ dị ndụ ma ọ nwụrụ anwụ
52653\tOnye enyi ya nwaanyị sị ya ga-abịa na-anụ nzọ ukwu ndị mmụọ
52654\tOnye ga elo mkpụrụ ụdara marakwa ka ike ya ha
52655\tOnye ga-eri awọ, ya rie nke mara abụba, ka ọ ga-abụ akpọọ ya ori awọ ya za
52656\tOnye gara be awọ sị bunye ya oche, ọ jụkwara nke awọ nọ na ya
52657\tOnye gbakaa ute ya, o dina n'ala
52658\tOnye gburu dibịa na agwọrọ ya ogwụ, ndị na-eme ya nshi ọnwụchala?
52659\tOnye gbuwe achara onye gbuwe onye akpọla ibe ya onye ikoli
52660\tOnye gotere egbe ọhụrụ na-aga mgbaru n'ụlo akwa onye afo toro
52661\tOnye hụrụ ebe ọkụkọ na-abọ nshị, ya chụpụ ya, maka amaghị onye ga-ata ọkpa ya
52662\tOnye ị zụrụ tooro onwe ya
52663\tOnye ji ihe nwata welie aka elu, aka gbuwe ya mgbu, o wetuo ya
52664\tOnye ji mmadụ na ala ji onwe ya
52665\tOnye jiri enyi kwe onya, ọ chọrọ imata gịnị?
52666\tOnye ka mmadụ ka chi ya
52667\tOnye kpata nkụ ahụhụ ngwere biara ya ọrịrị
52668\tOnye kpọọ nkata ya nkịrịka, agbatobia ewere ya kpoo ahịhịa
52669\tOnye kpọọ ọba ya nkpọkọrọ,ụmụaka ewere ya kpoo ntụ
52670\tOnye kwe n'ihe otu kwuru, a laa n'oge
52672\tOnye kwụo ụgwo o ji o nwere onye ya
52673\tOnye kwuru ọtọ gwujie ji, o tukwuru ala gwupụta ọdụ ya
52674\tOnye lewe ozu anya n'ihu o begbue onwe ya n'akwa
52675\tOnye lobie ụwa ya bo chi ya
52676\tOnye mara asụ, ya sụọ n'ikwe, onye amaghị asụ, ya sụọ n'ala
52677\tOnye mee ka oke, buusu chụọ ya ọsọ
52678\tOnye mgbọ tụpuru nna ya isi na eji ite ọla eme okpu
52679\tOnye mụ na ya so achụ mgbada, si ụkwụ di ka ụkwụ ele
52680\tOnye na-aba mba eti aka n'obi na-egosi ndi mmụọ ebe ndụ ya di
52681\tOnye na-amaghị ebe mmiri bidoro mawa ya, anaghị ama ebe o zere ya
52682\tOnye na-amaghị ihe e mere were nwete enyi nwaanyị na-asi "gwa ya okwu ọ laa"
52683\tOnye na-amaghị mmadu na-akpọ ya onye a
52684\tOnye na-amaghị ọria enwe rịarịa, ya lee anya atani jiri fụrụ ya ọkụ
52685\tOnye na-anoghị n'akụkụ ọku, ji ya anaghi eghe ngwa ngwa
52686\tOnye na-anoghị ya mgbe eliri ozu na-esi n'ụkwụ abọ ya
52687\tOnye na-arachaghị onụ ya, ụgụrụ arachaara ya
52688\tOnye na-egboro ndị mmụọ ọgu, isi ya na-abụ aja aja
52689\tOnye na-ejighi akụ o jide ire oma
52690\tOnye na-ekoteghi, ọgọdọ ya ekotere ya
52691\tOnye na-ekwughi ka ọha, e bufee ya ama nna ya
52692\tOnye na-emeghị ka onye ara, ụmụnna ya agaghị alụnye ya nwaanyị
52693\tOnye na-esiri onye ishi nri na-egbu mkpọrọhihi ma o siwe
52694\tOnye na-eti aka n’obi, na-egosi ndị mmụo ebe ndụ ya dị
52695\tOnye ndị iro gbara gburugburu na-eche ndụ ya nche mgbe niile
52696\tOnye ndidi na-eri azụ ukpo
52697\tOnye njem ka onye isi awọ mma
52698\tOnye nna ya dinyere ohi na-eji ukwu agbawa mgbo
52699\tOnye nọ mmadụ nsụ na-anụ ushi eze ya
52700\tOnye nọrọ be ya, ọ na-aba
52701\tOnye nọrọ ebe ọnọ, ebe ọ na-anọghị ana-agụ ya
52702\tOnye nwanne ya bi n'alaeze anaghị aga okụ mmụọ
52703\tOnye nwanne ya na-amaghị agba egwu na-akọ ụkọ nku anya
52704\tOnye nwe ozu na-ebu ya n'isi
52705\tOnye nwere efe na-ayọ okuko akpụ
52706\tOnye nwere enyi nwaanyị see ya photo mee ya enlarge, ọ lụzie nwaanyị ọ ga akpụ ya akpụ
52708\tOnye nwere onye ịgba anaghị eti aka n'afọ
52709\tOnye nzuzu amaghị na ada nne ya bu obịa
52710\tOnye ọ ka agụ na-aka ejido aka n'ọkụ
52711\tOnye ọ na-adi mma iri anụ motor kụgburu, anaghị ekwe ka anụ ya pụọ na iro korota
52712\tOnye ọbụla ji ọfọ mana ọfọ ma onye ji ya
52713\tOnye ọsọ chụkatara o gbalaa ikwunne ya, agbachaala ihe niile ọ ga-agba n’ọsọ
52714\tOnye obi ọkụ na ebu onye arụrụ ala ụzọ anwụ
52715\tOnye otu anya na-abụ eze n'ala ndị ishi
52716\tOnye rere nkịta ya goro enwe, ihe ntukwu ka nọkwa n’ụlọ ya
52717\tOnye rịrị ọjị, kparachaa nkụ, maka anaghi arị ọjị ugboro abụọ
52718\tOnye rụọ ala, ala jụwa ya ọsọ
52719\tOnye sị na ihe na-atọ ụtọ, okwue ihe ọ na-atọ ka ya
52720\tOnye sị ya anaghị eri oke, ejila eze ekere ya ụmụaka
52721\tOnye taa m arụ n'ishi asọghị ntutu, m taa ya n'ike asọghị nshi
52722\tOnye tara mkpụrụ amụ ebila ji ibi ụgwọ
52723\tOnye teta ura n'ụtụtụ ọkụkọ chụwa ọsọ ya gbawa, maka ọ maghị ma ọkụkọ o puru eze n'abalị
52724\tOnye tịchara akị tụfue okwute, oche na ụbịam agaghịzi adị
52725\tOnye tiri akị ọkụkọ jiri gbakọọ?
52726\tOnye too eze,eze eruo ya aka
52727\tOnye tụọ ilu nna ya tụrụ ya kwụkwaa ụgwọ nna ya ji
52728\tOnye tụrụliri okwute elu n'ahia, ya chetakwa na o nwere ịda nne ya n'isi
52729\tOnye ụgwọ onwa ya na-ezuoro ya, ọ bụzi ego over time ga-ezuru ya
52730\tOnye ụjọ ọgu ka a wụrụ mmiri, ọ sị ya na-akwadobu ịsa ahụ
52732\tOnye were ngọngọ ṅụa iyi, iyi were ngọngọ gbuo ya
52733\tOnye wetara isi ya ka e were kụwa akị oyibo, agaghị eso ata akị ahụ
52735\tOnye ya na chi ya dị na mma anaghị eje be dibịa
52736\tOnye ya na ndi mmụọ na-erikọ nri na-eji ogologo ngazi
52737\tOnye zakọọ, o kpoo
52738\tOnye zuru ịgba nwanne ya, kedu ebe ọ ga akụ ya?
52739\tOriri dị mma ma onye ozo kpọọ ya
52740\tỌsa enwe agwụ, uze enwe akwụ, m ọgu ha abụrụ na-elu nkwụ
52741\tOse ka e ji eri anụ ure
52742\tOsisi ka a gwara na-aga egbu ọ kwụrụ
52743\tOsisi nọ na akwa nduru na-eri ube mma
52744\tOshishi ka a gwara na-aga egbu ọ kwụrụ
52745\tỌsọ ndụ anaghị agwụ ike
52746\tỌsọ nwaanyị na-agba hapụ ara ya aka abụghị obere ọsọ
52747\tỌtawaraiko si kama mmanya ga adọ n'ite, ya dọrọ n’afọ
52748\tOti ọkpọ anaghị eti ogbe akwụ
52749\tOtu eze anaghị ata atụ
52750\tOtu mkpụrụ aka rụta mmanụ o zue ndị ọzọ
52751\tOtu onye anaghị aza nnamọha
52752\tOtu onye siere ọha, ọha ga-ericha, mana ọha siere otu onye, ọ gaghị erichanwu
52754\tOturukpokpo sị nne ya nwụọ ya jiri ọnụ ya tụtuo osisi niile dị n'obodo ha, nne ya nwụọ etuto too ya n'ọnụ
52755\tOzi eziri anwụrụ oku erugo eluigwe
52756\tOzu gbaa nkịtị, e bufee ya ama nna ya
52757\tSị kelee onye ntị chiri, elu anụghị, ala anụ
52758\tSọ aka kere ngwugwu ma ihe di ngwugwu n'ime
52759\tTaa bụ gboo
52760\tTiwaara m akị Nsugbe
52761\tTụpụrụ nkịta ọkpụkpụ n'ezi, hapụrụ ya na ndị mmuọ ọgụ
52762\tTụpụrụ nwa nkịta ọkpụkpụ ka ọgụ bụrụ nke ya na ndị mmuọ
52763\tỤbọchị aka ga-akpara ezeka udele ọ kọọ onye chiri ya ọzọ
52764\tỤbọchị amụrụ dike na mba ka amụrụ ibe ya
52765\tỤbọchị m na-achụ nta, mgbada na-ari elu
52766\tỤbọchị nta ka achụọ n'owere nchi
52767\tỤbọchị onye oshi ga-akwa nna ya, ndi ihe ha furu abịa mgbaru
52768\tUche bụ akpa onye ọbụla nya nke ya
52769\tUche na-abịa abịa o bighi ebi
52770\tUche onye adị ya njọ
52771\tỤchịcha mere ihe e boro oke
52772\tỤdara onye ishi zọtara n'ukwu
52773\tỤdara si na ọ bụ sọsọ ya mụtara nwa a na-apịwa ọnụ?
52774\tUdele sị na mmiri na-ezo amagbuo ya, nke na-eru onye ka ọ ga ama?
52775\tUdele sị ndị okenye anwụchala ka umụazị ghara iri ya kpọọ ya nkịrịka egbe
52776\tUfu anaghị amụ nwa ụjọ
52777\tỤgbọgụrụ mịaram mịara nwunye di m
52778\tUghere abụghị ọrịa, ọ bụrụ agụọ
52779\tUgo eberela n’elu ọjị
52780\tUgo chara acha anaghị echu echu
52781\tUgo rie awọ, mma ya arụọ
52782\tỤgwọ na-ama ebu, ọ naghị ere ure
52783\tUgwu bụ nkwanye nkwanye nwaanyị ji atọ ibe ya
52784\tUgwu mụta mgbaji ukwu, agadi nwaanyị amụta arikata akwụrụ
52785\tUgwu nwaanyi bụ di ya
52786\tỤjọ anaghị atụ afọ ma ya bute ụzọ
52787\tỤka akparakpa, isi ka eji ekwe ya
52788\tỤkọ kọwa anụ ọhịa ọ gaa n'ukwu osisi, ọ kọwa mmadụ, ọ gakwuru mmadụ ibe ya
52789\tỤkpala bara n'ikpo ọkụkọ bara n'ala ndi mmụọ
52790\tỤkpala ntị ike na-ezu ike n'afọ nnụnụ
52791\tỤkpala okpoko gburu ntị chiri ya
52792\tỤkpala ọkụ na-ere chere sị ya na-asụpụta mmanụ
52793\tỤkwa a chị n'aka ọ na-agba
52794\tỤkwa a na-eche, mkpụrụ adịghị ya
52795\tỤkwa dara ụbọchị a na-agụ afọ, adaghị n'oge
52796\tỤkwa dara ụbọchị oriri, adaghị n'oge
52797\tỤkwa na-adara ndị na-amaghị esi ahụ
52799\tỤkwụ jie agụ mgbada bịara ya ụgwọ
52800\tỤkwụ ka e ji achọ ihe danyere na mmiri
52801\tUkwu na-ama ọgọdọ adịghị mma ịgba ọtọ
52802\tỤkwụ na-ga wam wam, anya na-aga zam zam na-ahụ ya
52803\tỤkwụ ọkụkọ zọrọ nwa ya anaghị egbu ya
52804\tỤkwụ onye wetara ka eji eso ya
52805\tUlili si onye jekata ije ya tụọ nkwa ọsọ, maka ihe ọsọ eme mee
52806\tỤlọ anaghị ada hapụ uko
52807\tUmeala ka ome ji ji agbapu ala
52808\tUnu agbakọọla ka unu ha eri udele
52809\tỤra anaghị emebi anya
52811\tỤra kwere izu abụrụla ọnwụ
52812\tỤra tọwa ụtọ, ekwowa ya ekwowa
52813\tUrukpu anaghị anapụ anyanwụ ije
52814\tUruru sị ọ kaara ya mma n'ọchị chịrị ọsọ ya na dinta gbara n'ime ọhịa kama isi ya ga-agbọ n'ite
52815\tỤsụ si ya ma na ya jọrọ njọ wee jiri abalị aga
52816\tỤta gbatara elekentịọba ya rie ọgu mkpụrụ akụ
52817\tỤta nwata jiri gbagbuo udele bụ okenye pịara ya
52818\tỤtara anaghị ada n'ala gbara aka aja
52819\tỤtara dịrị mma ofe dịrị mma, anyị nọ na oriri oriri
52820\tỤwa bụ ahịa, onye zụchaa ya laa
52821\tỤzụ na-amaghị akpụ ogene, ya lee egbe anya n'ọdụ
52822\tWepụ aka enwe n’ofe tupu ọ ghọọ aka mmadụ
52823\tWere ire gị gụọ eze gị ọnụ
52824\tWere nwayọ ka ofe rọrọ arọ zuoro gi nri
52825\tWere ọgbụ kedo ewu na were ewu kedo n'ọgbụ, fa ncha bụ ofu ife afụ
52826\tYa diri nwoke mma dịrịkwa nwaanyị mma
52827\tYa wee bụrụ ụka bụrụ ilu
52841\tOnye ji ohuhu aracha aka ya, og’afali ya n’elu?
53223\tIhe i kwuru ejughi m afọ
53317\tEbe ejije eteka mana ka ana aga n'ubi ka ji na aka
53318\tina aju nkita na nsi obu gi ga eriya
53319\tasawa akwa agadi nwayi, agasputa nsi
53320\totu anya ji onye isii ugwo
53321\tmaka ebe onye oso ruru ka onye ije ga eru
53322\tagadi nwayi anaghi akanka na-egwu oma agba
53323\togbu opi na eficha imi
53341\tBeta anu, beta anu bukwonu n'aru efi
53342\tEjiro akpata atufue aba oganyara
53347\tmaka na nwata akwo n'azu amagi n'uzo di anya
53348\tmaka na oku agu nyere nwata n'aka anagi eregbu ya
53349\tmaka na nwanyi n'ere ogiri ma Ijiji anya kporo
53361\tUkpaka gba na ibe ya gba, o gba na akaraka
53368\tAku fesia odalu awo
53369\tOnye ndidi na eli azu ukpo
53370\tigwe-ibu-ike
53375\tI makwa na nwata rie awo oju anu
53376\tAgbaa mbu otu na ogwe, agbaa abou otu n ogwe, obu so ogwe ka an apiri aku
53377\tNgwere nile makpu mapku, amaghi nke afo n alu
53378\tOnye isi tufue udara ozotara n ukwu, kedu ebe oga atuta ozo
53379\tEzue ka ara eri udele atotue Nigiga
53380\tAturoro omara omara, aturoro ofeke ofenye isi no ohia
53381\tmiri bu ndu azu
53382\tokirikiri ka na agba ukwu ose
53383\tka abia ka abia mere na nwa awo epughi odudu
53384\toke soro ngwere maa miri, okoo ngwere, oga akokwanu oke
53385\tAkpokete nkita nso, otakaa akwa
53388\tNdi igbo si na okwonu nberede k'eji ama dike
53389\tO anuta agbogho achupu agadi
53390\tnsogbu adiro makana aku fesia odalu awo
53391\tAna m atu ikpu ikwu ekwu, O ya ga ebi onwe ya?
53395\tObele nsi n'e mebi ike
53396\timara asu, suo na ikwe; ma i maro asu i suo na apata gi
53397\tmonkey si nwa ke oga i dutatra ishi wu kahi ovu na afo
53398\tnkita anaghi agbala odu ya oso
53399\tnkita gala i wu onaghi anu ishi nshi
53405\tAsi na anaele agadi nwanyi anya n'onu odika ojighi ya we nua ara!
53406\tAwo adighi agba oso ehihe n'efu
53407\tNwata akwo n'azu amaghi na ije nara ahu
53413\tokirikiri ka ana agba ukwu ose adighi ari ya elu
53414\tngbede ikwere
53415\tonye atru ilu kowaa ego eji nu nne ya lara niyi
53416\tebe onye no ka ona awachi
53417\tokuko ebeghi ebe nyua ogu akpana obee ole ka o ga anyu
53418\tofuru si na ya afughi anya kpoo ya onuru si ya anughi nti chie ya
53479\tE jide ibe ji n’aka e were sawa ndị mmụọ okwu
53480\tA kpaa akpa were gbuo nwaada, ọ naghị awa n’afa.
53481\tA nyụkọọ amịrị ọnụ ọ gbọọ ụfụfụ.
53482\tNwatakịrị nọdebere okenye nso enwetaghị ibegiri ọjị, o nweta anụ kpọrọ nkụ.
53483\tIri anaghị eme nwagbọghọ n’ihi na ọ bụrụ na ọ dịghị mma ọlụlụ, ọ dịnụ mma ime enyi.
53484\tỤzụ amaghị akpụ ogene lere egbe anya n’ọdụ.
53485\tOnye hụrụ ugo jaa ya mma n’ihi na a naghị ahụ ugo kwa daa.
53486\tNwa a kwọ n’azụ amaghị na ije dị ụfụ.
53487\tAgadi nwaanyị hụ ebe ịkpa gbara ọkụ amịrị akpawa.
53488\tAka kpara eze udele o kwuo ndị mmụọ chiri ya eze.
53489\tAtụrụ na-arọ nrọ ebe o yi akpụkpọ agụ bụ nrọ ọnwụ ya.
53490\tỤtara anaghị ada n’ala ghara imetụ aja.
53491\tA naghị aba ụlọ maka na a hụrụ akanya (atanyi)
53492\tỌ bụ ire ọma ka ejula ji aga n’ogwu.
53493\tỌkụkọ chịrị ụmụ ọ chịrị ekwurekwu.
53494\tOkokporo sị ka a chọwara ya nwaanyị nke taa, nke echi, ọ bụ ya na onye bibu kemgbe?
53495\tOnye ọ nyịrị n’ojije, ọ gaghị anyị n’ọlịla.
53496\tA gbakọọ izu ọnụ, e gbuo dike.
53497\tUche ji nwaanyị àgà ji di na-alụ ya.
53498\tIhe mere onye ji otu nwaanyị ejila abụọ mere okokporo ojighị nwee nke o ji.
53499\tEwi sị na ihe kpatara o ji enwe ụfụ bụ maka na ihe ọsọ na-eme mgbe ọbụla.
53500\tNwata tichaa akị tufuo mkpume, agụụ gụwa ya ọ chọwa ya.
53501\tNgwere emeghị ihe o jiri bụrụ ngwere, ụmụazị erie ya ọkọchị na udummiri.
53502\tNwaanyị na-eche ka di weta di weta mgbe ọbụla, na-esinye ite ọkpọọ n’ọkụ.
53503\tNwaanyị na-akọ ihe di ya mere ya, ọ na-akọkwara ndị mmadụ ihe o mere di ya.
53504\tA naghị akarụ onye ọrụ ma ọ bụrụ na chi ejighị.
53505\tNwa atụrụ na-anyụle ọdụ ya ọ sị na ọ na-anyụle obi onye nwe ya.
53506\tỌ bụghị a dachaa elu a bụwa ete mmiri.
53507\tOnye kwere ude n’abịa esorola gbaa abịa.
53508\tAgwọ na-eze akụ, a sị na ọ maghị agba ọsọ.
53509\tỌkụkọ nọ n’ọhịa mana anụ ya agwụla.
53510\tNwanne awọ gbatịa ya ụkwụ ka nwanne nkapị bebilata ya ọnụ.
53511\tOnye achọghị ka a kpọọ ya ohu emekwala ka ohu.
53512\tNkịtị a gbara onye iro abụghị mmeri
53513\tỌ kwa enwe na-ekwu na ọdụ ya etoghị ogologo, dinta were mma na-achabirikwa nke dị adị.
53514\tỊ hụ agadi nwaanyị ka ọ na-eri akpala ọkụkọ, ị napụ ya maka na o bute ụkwara o zuo ọha.
53515\tNgwere nọkarịa n’ubi ọ ghọrọ aghụ.
53516\tỤtụtụ emeghị ngwa ngwa, ehihie eburu ya ụzọ
53517\tOnye ańụla nga ma ọ bụrụ na oyibo alaghị.
53518\tAka mkpụmkpụ ekweghị mbe weta ihe dị n’uko.
53519\tE jighị okwukwe n’isi ngwere ama nke e ziri ozi.
53520\tỌkụkọ kwaa akwa uche echewe onye ji ụgwọ.
53521\tE sowe ụtọ agbọnọ a rahụ n’ukwu adụ.
53522\tỌ bụ onye bunyere onye nchiche ụkwa sịrị ya sibe ya.
53523\tOnye a na-eme omume omume na-ebe obube obube.
53524\tE gbuo ma iwe, e lie ma ọnụma.
53525\tA kaa ụtụ ogbenye akaa ọkpọ.
53526\tỊ chọwa ọchị nkịta i nye ya ji dị ọkụ.
53527\tOkokporo anaghị ama mgbe ọ gafere ama ọgọ ya.
53528\tA kụkata aka n’obi e gosi ndị mmụọ ebe ndụ dị.
53529\tỌ bụ a na-eso mma, ndụ nwamkpi a na-eto ogologo.
53530\tUgo anaghị ebu ọkụkọ mana ọ na-egosi egbe ebe ọkụkọ nọ.
53531\tOke sị na ọ nọghị n’ụlọ mgbe a mara iwu ohi.
53532\tMmiri e jiri sie agwọ na-atọ agwọ agwọ.
53533\tNkwụ na nkwụ tokọọ, ha ajụkọọ igu.
53534\tA naghị ahụ mmụo ghewe ọnụ oghe.
53535\tO nweghị obodo ihe na-ata akwụ adịghị.
53536\tE sowe okukoro anya enwe ji agwụ n’ọba.
53537\tNkịta na-agbọ ụja sị na ọ na-azọ ndụ ekperima, na-azọkwuazị ndụ onye nwe ya.
53538\tIhe adịghịrị adụ mma kpatara o jiri mịa n’elu.
53539\tOnye chi ya wọrọ ọcha na-acha ka anyarị
53540\tArụsị e jiri akwa ọkụkọ chụọrọ aja mara na ụkwụ ọkụkọ na isi ya dị n’akwa ahụ.
53541\tỌ bụ nwata amaghị ihe ka a na-egosi oke ala ugboro abụọ.
53542\tNwaanyị sị na ikpe ya na di ya abụghị nke mmadụ ga-ekpe, ndị mmụo kpeere ha ọ ga-akara ya mma?
53543\tOnye chọọ igbu nkịta o nye ya aha ọjọọ.
53544\tOnye a na-afụrụ ụsụrụga ọ na-agba amaghị na ụsụrụgada bụ egwu ndị mmụọ.
53545\tỌ bụrụ na a na-egbu anụ ndị merụrụ ala, a ga-ebu ụzọ gbuo nwamkpi.
53546\tA gbaa aja, a gbaghị okoro ya, ọ wachikwa n’afa.
53547\tArụsị chị ụmụ na-eri ọtụtụ akpara ji.
53548\tE buru ọnụ na-achụ aja, ọ na-ada ọnwụ ọnwụ.
53549\tỌ bụ a kwanyere ụtara ugwu ọ dị ka o juru afọ.
53550\tIhe e ji apụ egwu ọnwa bụ ka a hụkọrịta n’ihi na o nweghị onye ọnwa anaghị eti be ya.
53551\tỌ bụghị a hapụrụ nwata ụlọ a chọwa onye ga-eledo ya anya.
53552\tOnye zụrụ egbe ọhụrụ na-eji ya aga akwa onye toro afọ.
53553\tAda m, ada m, na-adabanye n’ọkụ.
53554\tApịtị amaghị onye ọbịa.
53555\tỌ bụ ka a bịa, ka a bịa, ka awọ ejighị puo ọdụ.
53556\tMgbada nyụọ ka enyi ukwu awaa ya.
53557\tOnye isi nkwọcha anaghị atụ okwute.
53558\tA bachanyekarịa ji n’ọgwụ, ọ ghọọ ji awaị.
53559\tA naghị ere ọkụkọ ọkpa gbajiri n’ụlọ.
53560\tUgwu bụ nkwanye nkwanye nwaanyị ji amụta ibe ya.
53561\tOnye ji ihe nwata wellie aka elu, aka rowe ya o wetuo ya.
53562\tAnụ niile na-afụ opi mana nke nkapị na-apụ iche.
53563\tNwamba sị na mmetụta ahụ bụ ụtọ ndụ.
53564\tỌ bụ oke nọ n’ụlọ gwara oke nọ n’ọhịa na ngwugwu ogiri dị n’anya ọkụ.
53565\tAgwọ na ihe o loro atọgbọrọla.
53566\tAkụ fechaa ọ daara awọ.
53567\tUghere abụghị ọrịa ọ bụrụ agụụ.
53568\tNwata na-ebe akwa na-enyeghị ya akịilu ndị tara ata kedụ otu ihu dị ha.
53569\tE buru ozu dike gazuo ebe ọ kpara ike o rekaa n’abọ.
53570\tIgwurube buru uru ya abịarala m.
53571\tAgụụ bịa, ọrịa bịa, ọnwụ adịzịa onye ụbịam ka okpu eze.
53572\tOnye amaghị onye karịrị ya anaghị ama onye ọ karịrị.
53573\tMba mekarịa arụ, ọ bụrụ omenaala be a.
53574\tỌ bụghị ụbọchị e gbuturu osisi ka a na-akpa ya nkụ.
53575\tNgwere nyụchaa nsị ọ nyụnyeghị ya nzu ọ naghị adị ka nsị ngwere.
53576\tỌ bụghị ụbọchị nwatakirị kwafuru mmanụ ka a na-eti ya ihe kama ọ bụ ụbọchị ọ kwafuru oguru akwụ.
53577\tonye ọbụla a tụọrọ ilu kọwaara ya mara na ego e jiri lụta nne ya lara n’iyi.
53578\tnwatakịrị mụta akwa nnụnụ, ọ gbaa mbọ mụtakwuo ufe ya.
53579\tihe okenye nọ n’ala were hụ, nwatakịrị kwụrụ ọtọ ọ gaghị ahụ ya.
53580\tA tụọrọ ọmara ọ mara, mana a tụọrọ ofeke o tinnye isi n’ọhịa.
53581\tngwere anaghị agba ajị.
53582\ttupu mmadụ eloo mkpụrụ ụdara, o kwesịrị ka ọ mara otu ike ya ha.
53583\tonye tọọ ntị n’ala, ọ nụ ụya agbịsị.
53584\tnwa ewu gbuo ikpere naabọ n’ala, ọ ńụọ nne ya ara.
53585\tọfọ bụ ọkpụkpụ nna tafọọrọ nwa.
53586\tofeke anaghị ama mgbe e kere nkụ ụkwa.
53587\tanụmanụ ọbụla na-akpa n’ọwarị ya.
53588\tA chụchaa aja ma a hụghị udele a maara na ihe mere na be ndị mmụọ.
53589\tNwata amaghị ihe e kechiri na ngwugwu, uche ngwugwwu e kere ana-agụ ya
53590\tMa, ochie dibia ịchụ aja doro anya chụọ aja, ọ dị ka o nyere ndị mmụọ aja n’aka
53591\tNne, abịa adịghị adị, a kụwa aka n’obi. Iyi adịghị adị, a ńụwa ikpere aka
53592\tonye rie nke a, rie nke a, nke a egbughị ya, nke a egbuo ya
53593\tNwa nnụnụ nọ n’ufe nyụọ ọgụ akpana, o bere ebere n’osisi maọbụ n’ala, ọ nyụchie ala
53594\tonye hụrụ ozu lie ozu, ma ya ajụla ihe gburu ozu, maka na mmadụ jupụtachaa ihe gburu ozu, ike kwe, egwu agaghị ekwe ndị mmadụ lie ya
53595\tkama m ga-eriju afọ were dachie ụzọ, ka m buru ọnụ.
53596\tihe onye tụrụ n’ahịa ka a ga-azụtara ya.
53597\tOnye ọbụla riri amụ ebulu ji ibi ụgwọ.
53598\tajụghị ajụ were rie na-ebute a rịaghị arịa were nwụọ.
53599\tMkpurụ onye kurụ ka ọ na-aghọrọ.
53600\tntị ga-anụ ihe anaghị aha ka okpu ata.
57158\tEtu obuna nwanyi n'adi ihie uto di ya n'ukwu.
57159\tNwoke anaghi aju ara.
57161\tOna abu ewere otu aka kpere otele ya ahiri.
57164\tNwanyi yipu akwa anaghi eche ya eche.
57166\tUbochi nta ka anyi chua na owere nchi.
57167\tOnye amuru ya amuta ibe-ya.
57168\tOnye ujo, ji ndu ya na onye ike.
57177\tAtuo ikpe atu nnabe aghoro, nnabe lenu ma atu odi gi!!
57182\tAnaghi eji amu ukwu eyi akwuna egwu.
57183\tIhe a na eji akwu ugwo otu, wu maka mgbe ozo!
57185\tMgbe ozo nwanyi bu asi.
57192\tAnaghi ahapu isi, gbawara otula aju.
57195\tE kee oke na aka, a mara onye a kporo ugwo!
57198\tIvedi bara aba abago.
57199\tAgadi nwayi si na ya adahi agba oso, obu hi mgbe ewu buru ede anuru ya?
57200\tE gboo ogu, onye ujo ana abaa!
57201\tEnye ife erie ife.
57202\tO buru na afo na atu ujo, ogaghi ebu uzo.
57203\tOnye ivedi ana m anu ife ina ekwu Ochiooooooo.
57204\tOgologo amu anaghi egosi dimkpa.
57211\tKpim kpim kpim bu onye ike n'ahu.
57216\tNwanyi isi mkpe si amu, kele wu anya!
57219\tNwanyi ngwa si ma oluru di ma olughi di na ihie oma abani obuna onu ihie ga ekpere ya oku.
57225\tE biri, a kwuo, wu e biri, e bite!
57227\tIkpata ego na nwatakiri, obodo ana akuru gi aka. Ijebe eje obodo esoro gi jebe.
57233\tEjula na asugbu onwe ya osi ona asunye oku.
57241\tA naghi aju nwamkpi ebe o rahuru, ka ma, o bu ma o tetekwara!
57243\tOnye goro ogo be ngwere n'achi uche na aka.
57244\tOkenye ona alu ogu ikpe omuma?
57250\tEwu kpaba ike ere ya n'afia.
57251\tOkenye na eliba aku elibe ma nwatakiri na ere aku n'afia.
